zip,state,customersServed,customersAffected,lastUpdatedTime,latitude,longitude,utility,time pulled
38632,M,13796,6,1753192167455,34.81929,-89.99467,Entergy,2025-07-22 13:50:14.638039
38637,M,10276,10,1753192167455,34.95034,-90.04785,Entergy,2025-07-22 13:50:14.638039
38680,M,3289,1,1753192167455,34.95546,-90.12808,Entergy,2025-07-22 13:50:14.638039
38901,M,9313,5,1753192167455,33.7712,-89.80364,Entergy,2025-07-22 13:50:14.638039
38950,M,195,1,1753192167455,33.75916,-90.20335,Entergy,2025-07-22 13:50:14.638039
39038,M,1669,3,1753192167455,33.18247,-90.48032,Entergy,2025-07-22 13:50:14.638039
39046,M,10261,27,1753192167455,32.61025,-90.01947,Entergy,2025-07-22 13:50:14.638039
39071,M,2917,2,1753192167455,32.54281,-90.31087,Entergy,2025-07-22 13:50:14.638039
39073,M,5360,26,1753192167455,32.12856,-90.11806,Entergy,2025-07-22 13:50:14.638039
39110,M,23157,31,1753192167455,32.48981,-90.12691,Entergy,2025-07-22 13:50:14.638039
39145,M,1647,2,1753192167455,32.32186,-89.79919,Entergy,2025-07-22 13:50:14.638039
39180,M,15650,2,1753192167455,32.29153,-90.85439,Entergy,2025-07-22 13:50:14.638039
39203,M,2146,1,1753192167455,32.30929,-90.20299,Entergy,2025-07-22 13:50:14.638039
39209,M,11622,13,1753192167455,32.32817,-90.26082,Entergy,2025-07-22 13:50:14.638039
39212,M,11950,3,1753192167455,32.24771,-90.25779,Entergy,2025-07-22 13:50:14.638039
39213,M,9024,2,1753192167455,32.36139,-90.22258,Entergy,2025-07-22 13:50:14.638039
39272,M,6124,2,1753192167455,32.19375,-90.26983,Entergy,2025-07-22 13:50:14.638039
39601,M,8045,1,1753192167455,31.57434,-90.46337,Entergy,2025-07-22 13:50:14.638039
39645,M,1169,1,1753192167455,31.16462,-90.80817,Entergy,2025-07-22 13:50:14.638039
39648,M,7557,18,1753192167455,31.23154,-90.44124,Entergy,2025-07-22 13:50:14.638039
38632,M,13796,6,1753192647535,34.81929,-89.99467,Entergy,2025-07-22 13:58:28.335473
38637,M,10276,10,1753192647535,34.95034,-90.04785,Entergy,2025-07-22 13:58:28.335473
38680,M,3289,1,1753192647535,34.95546,-90.12808,Entergy,2025-07-22 13:58:28.335473
38901,M,9313,5,1753192647535,33.7712,-89.80364,Entergy,2025-07-22 13:58:28.335473
38950,M,195,1,1753192647535,33.75916,-90.20335,Entergy,2025-07-22 13:58:28.335473
39038,M,1669,3,1753192647535,33.18247,-90.48032,Entergy,2025-07-22 13:58:28.335473
39042,M,11636,1,1753192647535,32.25413,-89.96423,Entergy,2025-07-22 13:58:28.335473
39046,M,10261,27,1753192647535,32.61025,-90.01947,Entergy,2025-07-22 13:58:28.335473
39066,M,2226,1,1753192647535,32.31083,-90.6138,Entergy,2025-07-22 13:58:28.335473
39071,M,2917,2,1753192647535,32.54281,-90.31087,Entergy,2025-07-22 13:58:28.335473
39073,M,5360,26,1753192647535,32.12856,-90.11806,Entergy,2025-07-22 13:58:28.335473
39110,M,23157,31,1753192647535,32.48981,-90.12691,Entergy,2025-07-22 13:58:28.335473
39145,M,1647,2,1753192647535,32.32186,-89.79919,Entergy,2025-07-22 13:58:28.335473
39160,M,1248,1,1753192647535,33.02493,-89.75359,Entergy,2025-07-22 13:58:28.335473
39180,M,15650,2,1753192647535,32.29153,-90.85439,Entergy,2025-07-22 13:58:28.335473
39203,M,2146,92,1753192647535,32.30929,-90.20299,Entergy,2025-07-22 13:58:28.335473
39204,M,7052,1,1753192647535,32.28104,-90.22943,Entergy,2025-07-22 13:58:28.335473
39209,M,11622,14,1753192647535,32.32817,-90.26082,Entergy,2025-07-22 13:58:28.335473
39212,M,11950,3,1753192647535,32.24771,-90.25779,Entergy,2025-07-22 13:58:28.335473
39213,M,9024,2,1753192647535,32.36139,-90.22258,Entergy,2025-07-22 13:58:28.335473
39272,M,6124,2,1753192647535,32.19375,-90.26983,Entergy,2025-07-22 13:58:28.335473
39601,M,8045,1,1753192647535,31.57434,-90.46337,Entergy,2025-07-22 13:58:28.335473
39645,M,1169,1,1753192647535,31.16462,-90.80817,Entergy,2025-07-22 13:58:28.335473
39648,M,7557,18,1753192647535,31.23154,-90.44124,Entergy,2025-07-22 13:58:28.335473
38632,M,13796,8,1753197747434,34.81929,-89.99467,Entergy,2025-07-22 15:23:22.491922
38637,M,10276,16,1753197747434,34.95034,-90.04785,Entergy,2025-07-22 15:23:22.491922
38671,M,21271,12,1753197747434,34.96785,-89.99781,Entergy,2025-07-22 15:23:22.491922
38680,M,3289,1,1753197747434,34.95546,-90.12808,Entergy,2025-07-22 15:23:22.491922
38730,M,567,1,1753197747434,33.70393,-90.74318,Entergy,2025-07-22 15:23:22.491922
38732,M,6072,43,1753197747434,33.74259,-90.7197,Entergy,2025-07-22 15:23:22.491922
38950,M,195,1,1753197747434,33.75916,-90.20335,Entergy,2025-07-22 15:23:22.491922
39046,M,10261,27,1753197747434,32.61025,-90.01947,Entergy,2025-07-22 15:23:22.491922
39071,M,2917,2,1753197747434,32.54281,-90.31087,Entergy,2025-07-22 15:23:22.491922
39110,M,23157,31,1753197747434,32.48981,-90.12691,Entergy,2025-07-22 15:23:22.491922
39111,M,2204,1,1753197747434,31.87483,-89.72898,Entergy,2025-07-22 15:23:22.491922
39114,M,1933,6,1753197747434,31.96276,-89.82873,Entergy,2025-07-22 15:23:22.491922
39120,M,11347,38,1753197747434,31.55832,-91.35712,Entergy,2025-07-22 15:23:22.491922
39157,M,14900,13,1753197747434,32.41771,-90.13496,Entergy,2025-07-22 15:23:22.491922
39180,M,15650,2,1753197747434,32.29153,-90.85439,Entergy,2025-07-22 15:23:22.491922
39190,M,36,3,1753197747434,31.56281,-91.40419,Entergy,2025-07-22 15:23:22.491922
39204,M,7052,4,1753197747434,32.28104,-90.22943,Entergy,2025-07-22 15:23:22.491922
39209,M,11622,9,1753197747434,32.32817,-90.26082,Entergy,2025-07-22 15:23:22.491922
39212,M,11950,3,1753197747434,32.24771,-90.25779,Entergy,2025-07-22 15:23:22.491922
39213,M,9024,2,1753197747434,32.36139,-90.22258,Entergy,2025-07-22 15:23:22.491922
39272,M,6124,2,1753197747434,32.19375,-90.26983,Entergy,2025-07-22 15:23:22.491922
39645,M,1169,1,1753197747434,31.16462,-90.80817,Entergy,2025-07-22 15:23:22.491922
39648,M,7557,18,1753197747434,31.23154,-90.44124,Entergy,2025-07-22 15:23:22.491922
38632,M,13796,6,1753198587230,34.81929,-89.99467,Entergy,2025-07-22,3:37
38671,M,21271,12,1753198587230,34.96785,-89.99781,Entergy,2025-07-22,3:37
38680,M,3289,1,1753198587230,34.95546,-90.12808,Entergy,2025-07-22,3:37
38782,M,40,2,1753198587230,33.49921,-91.05856,Entergy,2025-07-22,3:37
38950,M,195,1,1753198587230,33.75916,-90.20335,Entergy,2025-07-22,3:37
39046,M,10261,27,1753198587230,32.61025,-90.01947,Entergy,2025-07-22,3:37
39071,M,2917,2,1753198587230,32.54281,-90.31087,Entergy,2025-07-22,3:37
39110,M,23157,31,1753198587230,32.48981,-90.12691,Entergy,2025-07-22,3:37
39111,M,2204,1,1753198587230,31.87483,-89.72898,Entergy,2025-07-22,3:37
39114,M,1933,6,1753198587230,31.96276,-89.82873,Entergy,2025-07-22,3:37
39120,M,11347,1,1753198587230,31.55832,-91.35712,Entergy,2025-07-22,3:37
39157,M,14900,9,1753198587230,32.41771,-90.13496,Entergy,2025-07-22,3:37
39180,M,15650,3,1753198587230,32.29153,-90.85439,Entergy,2025-07-22,3:37
39203,M,2146,92,1753198587230,32.30929,-90.20299,Entergy,2025-07-22,3:37
39204,M,7052,4,1753198587230,32.28104,-90.22943,Entergy,2025-07-22,3:37
39209,M,11622,9,1753198587230,32.32817,-90.26082,Entergy,2025-07-22,3:37
39212,M,11950,3,1753198587230,32.24771,-90.25779,Entergy,2025-07-22,3:37
39213,M,9024,2,1753198587230,32.36139,-90.22258,Entergy,2025-07-22,3:37
39272,M,6124,2,1753198587230,32.19375,-90.26983,Entergy,2025-07-22,3:37
39645,M,1169,1,1753198587230,31.16462,-90.80817,Entergy,2025-07-22,3:37
39648,M,7557,18,1753198587230,31.23154,-90.44124,Entergy,2025-07-22,3:37
38632,M,13796,7,1753203027573,34.81929,-89.99467,,Entergy,2025-07-22,4:51
38637,M,10276,1,1753203027573,34.95034,-90.04785,,Entergy,2025-07-22,4:51
38658,M,756,1,1753203027573,34.19966,-89.92168,,Entergy,2025-07-22,4:51
38671,M,21271,1,1753203027573,34.96785,-89.99781,,Entergy,2025-07-22,4:51
38680,M,3289,1,1753203027573,34.95546,-90.12808,,Entergy,2025-07-22,4:51
38782,M,40,2,1753203027573,33.49921,-91.05856,,Entergy,2025-07-22,4:51
38901,M,9313,1,1753203027573,33.7712,-89.80364,,Entergy,2025-07-22,4:51
39046,M,10261,27,1753203027573,32.61025,-90.01947,,Entergy,2025-07-22,4:51
39047,M,10054,1,1753203027573,32.37836,-89.99873,,Entergy,2025-07-22,4:51
39056,M,13112,1,1753203027573,32.34746,-90.32415,,Entergy,2025-07-22,4:51
39071,M,2917,2,1753203027573,32.54281,-90.31087,,Entergy,2025-07-22,4:51
39110,M,23157,54,1753203027573,32.48981,-90.12691,,Entergy,2025-07-22,4:51
39111,M,2204,1,1753203027573,31.87483,-89.72898,,Entergy,2025-07-22,4:51
39114,M,1933,6,1753203027573,31.96276,-89.82873,,Entergy,2025-07-22,4:51
39175,M,1917,2,1753203027573,32.11252,-90.61849,,Entergy,2025-07-22,4:51
39180,M,15650,20,1753203027573,32.29153,-90.85439,,Entergy,2025-07-22,4:51
39183,M,5881,27,1753203027573,32.3882,-90.81591,,Entergy,2025-07-22,4:51
39204,M,7052,4,1753203027573,32.28104,-90.22943,,Entergy,2025-07-22,4:51
39208,M,10914,1,1753203027573,32.27003,-90.11125,,Entergy,2025-07-22,4:51
39209,M,11622,1,1753203027573,32.32817,-90.26082,,Entergy,2025-07-22,4:51
39212,M,11950,3,1753203027573,32.24771,-90.25779,,Entergy,2025-07-22,4:51
39213,M,9024,2,1753203027573,32.36139,-90.22258,,Entergy,2025-07-22,4:51
39272,M,6124,2,1753203027573,32.19375,-90.26983,,Entergy,2025-07-22,4:51
39645,M,1169,1,1753203027573,31.16462,-90.80817,,Entergy,2025-07-22,4:51
39648,M,7557,18,1753203027573,31.23154,-90.44124,,Entergy,2025-07-22,4:51
38632,M,13796,7,1753203147260,34.81929,-89.99467,,Entergy,2025-07-22,4:53
38637,M,10276,1,1753203147260,34.95034,-90.04785,,Entergy,2025-07-22,4:53
38658,M,756,1,1753203147260,34.19966,-89.92168,,Entergy,2025-07-22,4:53
38671,M,21271,1,1753203147260,34.96785,-89.99781,,Entergy,2025-07-22,4:53
38680,M,3289,2,1753203147260,34.95546,-90.12808,,Entergy,2025-07-22,4:53
38782,M,40,2,1753203147260,33.49921,-91.05856,,Entergy,2025-07-22,4:53
38901,M,9313,1,1753203147260,33.7712,-89.80364,,Entergy,2025-07-22,4:53
39046,M,10261,27,1753203147260,32.61025,-90.01947,,Entergy,2025-07-22,4:53
39047,M,10054,1,1753203147260,32.37836,-89.99873,,Entergy,2025-07-22,4:53
39056,M,13112,36,1753203147260,32.34746,-90.32415,,Entergy,2025-07-22,4:53
39071,M,2917,2,1753203147260,32.54281,-90.31087,,Entergy,2025-07-22,4:53
39110,M,23157,54,1753203147260,32.48981,-90.12691,,Entergy,2025-07-22,4:53
39111,M,2204,1,1753203147260,31.87483,-89.72898,,Entergy,2025-07-22,4:53
39114,M,1933,6,1753203147260,31.96276,-89.82873,,Entergy,2025-07-22,4:53
39175,M,1917,2,1753203147260,32.11252,-90.61849,,Entergy,2025-07-22,4:53
39180,M,15650,20,1753203147260,32.29153,-90.85439,,Entergy,2025-07-22,4:53
39183,M,5881,27,1753203147260,32.3882,-90.81591,,Entergy,2025-07-22,4:53
39204,M,7052,4,1753203147260,32.28104,-90.22943,,Entergy,2025-07-22,4:53
39208,M,10914,1,1753203147260,32.27003,-90.11125,,Entergy,2025-07-22,4:53
39209,M,11622,1,1753203147260,32.32817,-90.26082,,Entergy,2025-07-22,4:53
39212,M,11950,3,1753203147260,32.24771,-90.25779,,Entergy,2025-07-22,4:53
39213,M,9024,2,1753203147260,32.36139,-90.22258,,Entergy,2025-07-22,4:53
39272,M,6124,2,1753203147260,32.19375,-90.26983,,Entergy,2025-07-22,4:53
39645,M,1169,1,1753203147260,31.16462,-90.80817,,Entergy,2025-07-22,4:53
39648,M,7557,18,1753203147260,31.23154,-90.44124,,Entergy,2025-07-22,4:53
38632,M,13796,7,1753203387067,34.81929,-89.99467,,Entergy,2025-07-22,4:57
38637,M,10276,1,1753203387067,34.95034,-90.04785,,Entergy,2025-07-22,4:57
38658,M,756,1,1753203387067,34.19966,-89.92168,,Entergy,2025-07-22,4:57
38671,M,21271,1,1753203387067,34.96785,-89.99781,,Entergy,2025-07-22,4:57
38680,M,3289,2,1753203387067,34.95546,-90.12808,,Entergy,2025-07-22,4:57
38782,M,40,2,1753203387067,33.49921,-91.05856,,Entergy,2025-07-22,4:57
38901,M,9313,1,1753203387067,33.7712,-89.80364,,Entergy,2025-07-22,4:57
39046,M,10261,27,1753203387067,32.61025,-90.01947,,Entergy,2025-07-22,4:57
39047,M,10054,1,1753203387067,32.37836,-89.99873,,Entergy,2025-07-22,4:57
39056,M,13112,36,1753203387067,32.34746,-90.32415,,Entergy,2025-07-22,4:57
39071,M,2917,2,1753203387067,32.54281,-90.31087,,Entergy,2025-07-22,4:57
39110,M,23157,54,1753203387067,32.48981,-90.12691,,Entergy,2025-07-22,4:57
39111,M,2204,1,1753203387067,31.87483,-89.72898,,Entergy,2025-07-22,4:57
39114,M,1933,6,1753203387067,31.96276,-89.82873,,Entergy,2025-07-22,4:57
39175,M,1917,2,1753203387067,32.11252,-90.61849,,Entergy,2025-07-22,4:57
39180,M,15650,20,1753203387067,32.29153,-90.85439,,Entergy,2025-07-22,4:57
39183,M,5881,27,1753203387067,32.3882,-90.81591,,Entergy,2025-07-22,4:57
39204,M,7052,4,1753203387067,32.28104,-90.22943,,Entergy,2025-07-22,4:57
39209,M,11622,1,1753203387067,32.32817,-90.26082,,Entergy,2025-07-22,4:57
39212,M,11950,3,1753203387067,32.24771,-90.25779,,Entergy,2025-07-22,4:57
39213,M,9024,2,1753203387067,32.36139,-90.22258,,Entergy,2025-07-22,4:57
39272,M,6124,2,1753203387067,32.19375,-90.26983,,Entergy,2025-07-22,4:57
39645,M,1169,1,1753203387067,31.16462,-90.80817,,Entergy,2025-07-22,4:57
39648,M,7557,18,1753203387067,31.23154,-90.44124,,Entergy,2025-07-22,4:57
38632,M,13796,7,1753203627300,34.81929,-89.99467,,Entergy,2025-07-22,5:02
38637,M,10276,1,1753203627300,34.95034,-90.04785,,Entergy,2025-07-22,5:02
38658,M,756,1,1753203627300,34.19966,-89.92168,,Entergy,2025-07-22,5:02
38671,M,21271,1,1753203627300,34.96785,-89.99781,,Entergy,2025-07-22,5:02
38680,M,3289,2,1753203627300,34.95546,-90.12808,,Entergy,2025-07-22,5:02
38782,M,40,2,1753203627300,33.49921,-91.05856,,Entergy,2025-07-22,5:02
38901,M,9313,1,1753203627300,33.7712,-89.80364,,Entergy,2025-07-22,5:02
39046,M,10261,27,1753203627300,32.61025,-90.01947,,Entergy,2025-07-22,5:02
39047,M,10054,1,1753203627300,32.37836,-89.99873,,Entergy,2025-07-22,5:02
39056,M,13112,36,1753203627300,32.34746,-90.32415,,Entergy,2025-07-22,5:02
39071,M,2917,2,1753203627300,32.54281,-90.31087,,Entergy,2025-07-22,5:02
39083,M,2731,2,1753203627300,31.8648,-90.41504,,Entergy,2025-07-22,5:02
39110,M,23157,54,1753203627300,32.48981,-90.12691,,Entergy,2025-07-22,5:02
39111,M,2204,1,1753203627300,31.87483,-89.72898,,Entergy,2025-07-22,5:02
39114,M,1933,6,1753203627300,31.96276,-89.82873,,Entergy,2025-07-22,5:02
39175,M,1917,2,1753203627300,32.11252,-90.61849,,Entergy,2025-07-22,5:02
39180,M,15650,20,1753203627300,32.29153,-90.85439,,Entergy,2025-07-22,5:02
39183,M,5881,27,1753203627300,32.3882,-90.81591,,Entergy,2025-07-22,5:02
39204,M,7052,4,1753203627300,32.28104,-90.22943,,Entergy,2025-07-22,5:02
39209,M,11622,1,1753203627300,32.32817,-90.26082,,Entergy,2025-07-22,5:02
39212,M,11950,3,1753203627300,32.24771,-90.25779,,Entergy,2025-07-22,5:02
39213,M,9024,2,1753203627300,32.36139,-90.22258,,Entergy,2025-07-22,5:02
39272,M,6124,2,1753203627300,32.19375,-90.26983,,Entergy,2025-07-22,5:02
39645,M,1169,1,1753203627300,31.16462,-90.80817,,Entergy,2025-07-22,5:02
39648,M,7557,18,1753203627300,31.23154,-90.44124,,Entergy,2025-07-22,5:02
38632,M,13796,6,1753204947638,34.81929,-89.99467,,Entergy,2025-07-22,5:23
38637,M,10276,1,1753204947638,34.95034,-90.04785,,Entergy,2025-07-22,5:23
38651,M,4621,1,1753204947638,34.88966,-89.97803,,Entergy,2025-07-22,5:23
38658,M,756,1,1753204947638,34.19966,-89.92168,,Entergy,2025-07-22,5:23
38671,M,21271,1,1753204947638,34.96785,-89.99781,,Entergy,2025-07-22,5:23
38680,M,3289,1,1753204947638,34.95546,-90.12808,,Entergy,2025-07-22,5:23
38782,M,40,2,1753204947638,33.49921,-91.05856,,Entergy,2025-07-22,5:23
38901,M,9313,2,1753204947638,33.7712,-89.80364,,Entergy,2025-07-22,5:23
39046,M,10261,27,1753204947638,32.61025,-90.01947,,Entergy,2025-07-22,5:23
39047,M,10054,1,1753204947638,32.37836,-89.99873,,Entergy,2025-07-22,5:23
39056,M,13112,36,1753204947638,32.34746,-90.32415,,Entergy,2025-07-22,5:23
39071,M,2917,2,1753204947638,32.54281,-90.31087,,Entergy,2025-07-22,5:23
39110,M,23157,54,1753204947638,32.48981,-90.12691,,Entergy,2025-07-22,5:23
39111,M,2204,1,1753204947638,31.87483,-89.72898,,Entergy,2025-07-22,5:23
39114,M,1933,6,1753204947638,31.96276,-89.82873,,Entergy,2025-07-22,5:23
39175,M,1917,2,1753204947638,32.11252,-90.61849,,Entergy,2025-07-22,5:23
39180,M,15650,20,1753204947638,32.29153,-90.85439,,Entergy,2025-07-22,5:23
39183,M,5881,30,1753204947638,32.3882,-90.81591,,Entergy,2025-07-22,5:23
39204,M,7052,4,1753204947638,32.28104,-90.22943,,Entergy,2025-07-22,5:23
39209,M,11622,1,1753204947638,32.32817,-90.26082,,Entergy,2025-07-22,5:23
39212,M,11950,3,1753204947638,32.24771,-90.25779,,Entergy,2025-07-22,5:23
39213,M,9024,2,1753204947638,32.36139,-90.22258,,Entergy,2025-07-22,5:23
39272,M,6124,2,1753204947638,32.19375,-90.26983,,Entergy,2025-07-22,5:23
39645,M,1169,1,1753204947638,31.16462,-90.80817,,Entergy,2025-07-22,5:23
39648,M,7557,18,1753204947638,31.23154,-90.44124,,Entergy,2025-07-22,5:23
39653,M,1075,1,1753204947638,31.4675,-90.88453,,Entergy,2025-07-22,5:23
38632,M,13796,6,1753205187556,34.81929,-89.99467,,Entergy,2025-07-22,5:27,0.0004349086691794723
38637,M,10276,1,1753205187556,34.95034,-90.04785,,Entergy,2025-07-22,5:27,9.731413001167769e-05
38658,M,756,1,1753205187556,34.19966,-89.92168,,Entergy,2025-07-22,5:27,0.0013227513227513227
38671,M,21271,1,1753205187556,34.96785,-89.99781,,Entergy,2025-07-22,5:27,4.701236425179822e-05
38680,M,3289,1,1753205187556,34.95546,-90.12808,,Entergy,2025-07-22,5:27,0.0003040437823046519
38782,M,40,2,1753205187556,33.49921,-91.05856,,Entergy,2025-07-22,5:27,0.05
38901,M,9313,2,1753205187556,33.7712,-89.80364,,Entergy,2025-07-22,5:27,0.00021475357027810586
39046,M,10261,27,1753205187556,32.61025,-90.01947,,Entergy,2025-07-22,5:27,0.002631322483188773
39047,M,10054,1,1753205187556,32.37836,-89.99873,,Entergy,2025-07-22,5:27,9.946290033817386e-05
39056,M,13112,36,1753205187556,32.34746,-90.32415,,Entergy,2025-07-22,5:27,0.002745576571079927
39071,M,2917,2,1753205187556,32.54281,-90.31087,,Entergy,2025-07-22,5:27,0.0006856359273225917
39110,M,23157,33,1753205187556,32.48981,-90.12691,,Entergy,2025-07-22,5:27,0.0014250550589454593
39111,M,2204,1,1753205187556,31.87483,-89.72898,,Entergy,2025-07-22,5:27,0.00045372050816696913
39114,M,1933,6,1753205187556,31.96276,-89.82873,,Entergy,2025-07-22,5:27,0.0031039834454216243
39175,M,1917,2,1753205187556,32.11252,-90.61849,,Entergy,2025-07-22,5:27,0.0010432968179447052
39180,M,15650,20,1753205187556,32.29153,-90.85439,,Entergy,2025-07-22,5:27,0.0012779552715654952
39183,M,5881,30,1753205187556,32.3882,-90.81591,,Entergy,2025-07-22,5:27,0.005101173269852066
39204,M,7052,4,1753205187556,32.28104,-90.22943,,Entergy,2025-07-22,5:27,0.0005672149744753262
39209,M,11622,1,1753205187556,32.32817,-90.26082,,Entergy,2025-07-22,5:27,8.604371020478404e-05
39212,M,11950,3,1753205187556,32.24771,-90.25779,,Entergy,2025-07-22,5:27,0.00025104602510460253
39213,M,9024,2,1753205187556,32.36139,-90.22258,,Entergy,2025-07-22,5:27,0.00022163120567375886
39272,M,6124,2,1753205187556,32.19375,-90.26983,,Entergy,2025-07-22,5:27,0.00032658393207054214
39645,M,1169,1,1753205187556,31.16462,-90.80817,,Entergy,2025-07-22,5:27,0.000855431993156544
39648,M,7557,18,1753205187556,31.23154,-90.44124,,Entergy,2025-07-22,5:27,0.0023818975784041284
39653,M,1075,2,1753205187556,31.4675,-90.88453,,Entergy,2025-07-22,5:27,0.0018604651162790699
38632,M,13796,6,1753205427574,34.81929,-89.99467,,Entergy,2025-07-22,5:30,0.0
38637,M,10276,1,1753205427574,34.95034,-90.04785,,Entergy,2025-07-22,5:30,0.0
38658,M,756,1,1753205427574,34.19966,-89.92168,,Entergy,2025-07-22,5:30,0.0
38671,M,21271,1,1753205427574,34.96785,-89.99781,,Entergy,2025-07-22,5:30,0.0
38680,M,3289,1,1753205427574,34.95546,-90.12808,,Entergy,2025-07-22,5:30,0.0
38782,M,40,2,1753205427574,33.49921,-91.05856,,Entergy,2025-07-22,5:30,0.05
38901,M,9313,1,1753205427574,33.7712,-89.80364,,Entergy,2025-07-22,5:30,0.0
39046,M,10261,27,1753205427574,32.61025,-90.01947,,Entergy,2025-07-22,5:30,0.0
39047,M,10054,1,1753205427574,32.37836,-89.99873,,Entergy,2025-07-22,5:30,0.0
39056,M,13112,36,1753205427574,32.34746,-90.32415,,Entergy,2025-07-22,5:30,0.0
39071,M,2917,2,1753205427574,32.54281,-90.31087,,Entergy,2025-07-22,5:30,0.0
39110,M,23157,33,1753205427574,32.48981,-90.12691,,Entergy,2025-07-22,5:30,0.0
39111,M,2204,1,1753205427574,31.87483,-89.72898,,Entergy,2025-07-22,5:30,0.0
39114,M,1933,6,1753205427574,31.96276,-89.82873,,Entergy,2025-07-22,5:30,0.0
39175,M,1917,2,1753205427574,32.11252,-90.61849,,Entergy,2025-07-22,5:30,0.0
39180,M,15650,20,1753205427574,32.29153,-90.85439,,Entergy,2025-07-22,5:30,0.0
39183,M,5881,30,1753205427574,32.3882,-90.81591,,Entergy,2025-07-22,5:30,0.01
39204,M,7052,4,1753205427574,32.28104,-90.22943,,Entergy,2025-07-22,5:30,0.0
39209,M,11622,1,1753205427574,32.32817,-90.26082,,Entergy,2025-07-22,5:30,0.0
39212,M,11950,3,1753205427574,32.24771,-90.25779,,Entergy,2025-07-22,5:30,0.0
39213,M,9024,2,1753205427574,32.36139,-90.22258,,Entergy,2025-07-22,5:30,0.0
39272,M,6124,2,1753205427574,32.19375,-90.26983,,Entergy,2025-07-22,5:30,0.0
39645,M,1169,1,1753205427574,31.16462,-90.80817,,Entergy,2025-07-22,5:30,0.0
39648,M,7557,18,1753205427574,31.23154,-90.44124,,Entergy,2025-07-22,5:30,0.0
39653,M,1075,2,1753205427574,31.4675,-90.88453,,Entergy,2025-07-22,5:30,0.0
38632,M,13796,6,1753205667772,34.81929,-89.99467,,Entergy,2025-07-22,5:34,0.0
38637,M,10276,1,1753205667772,34.95034,-90.04785,,Entergy,2025-07-22,5:34,0.0
38658,M,756,1,1753205667772,34.19966,-89.92168,,Entergy,2025-07-22,5:34,0.0
38671,M,21271,1,1753205667772,34.96785,-89.99781,,Entergy,2025-07-22,5:34,0.0
38680,M,3289,1,1753205667772,34.95546,-90.12808,,Entergy,2025-07-22,5:34,0.0
38782,M,40,2,1753205667772,33.49921,-91.05856,,Entergy,2025-07-22,5:34,0.05
38901,M,9313,1,1753205667772,33.7712,-89.80364,,Entergy,2025-07-22,5:34,0.0
39046,M,10261,27,1753205667772,32.61025,-90.01947,,Entergy,2025-07-22,5:34,0.0
39047,M,10054,1,1753205667772,32.37836,-89.99873,,Entergy,2025-07-22,5:34,0.0
39056,M,13112,36,1753205667772,32.34746,-90.32415,,Entergy,2025-07-22,5:34,0.0
39071,M,2917,2,1753205667772,32.54281,-90.31087,,Entergy,2025-07-22,5:34,0.0
39110,M,23157,33,1753205667772,32.48981,-90.12691,,Entergy,2025-07-22,5:34,0.0
39111,M,2204,1,1753205667772,31.87483,-89.72898,,Entergy,2025-07-22,5:34,0.0
39114,M,1933,6,1753205667772,31.96276,-89.82873,,Entergy,2025-07-22,5:34,0.0
39175,M,1917,2,1753205667772,32.11252,-90.61849,,Entergy,2025-07-22,5:34,0.0
39180,M,15650,20,1753205667772,32.29153,-90.85439,,Entergy,2025-07-22,5:34,0.0
39183,M,5881,30,1753205667772,32.3882,-90.81591,,Entergy,2025-07-22,5:34,0.01
39209,M,11622,1,1753205667772,32.32817,-90.26082,,Entergy,2025-07-22,5:34,0.0
39212,M,11950,3,1753205667772,32.24771,-90.25779,,Entergy,2025-07-22,5:34,0.0
39213,M,9024,2,1753205667772,32.36139,-90.22258,,Entergy,2025-07-22,5:34,0.0
39272,M,6124,2,1753205667772,32.19375,-90.26983,,Entergy,2025-07-22,5:34,0.0
39645,M,1169,1,1753205667772,31.16462,-90.80817,,Entergy,2025-07-22,5:34,0.0
39648,M,7557,18,1753205667772,31.23154,-90.44124,,Entergy,2025-07-22,5:34,0.0
39653,M,1075,2,1753205667772,31.4675,-90.88453,,Entergy,2025-07-22,5:34,0.0
38637,M,10276,1,1753209507540,34.95034,-90.04785,,Entergy,2025-07-22,6:40,0.0
38651,M,4621,42,1753209507540,34.88966,-89.97803,,Entergy,2025-07-22,6:40,0.01
38671,M,21271,16,1753209507540,34.96785,-89.99781,,Entergy,2025-07-22,6:40,0.0
38680,M,3289,1,1753209507540,34.95546,-90.12808,,Entergy,2025-07-22,6:40,0.0
38782,M,40,2,1753209507540,33.49921,-91.05856,,Entergy,2025-07-22,6:40,0.05
39046,M,10261,10,1753209507540,32.61025,-90.01947,,Entergy,2025-07-22,6:40,0.0
39047,M,10054,1,1753209507540,32.37836,-89.99873,,Entergy,2025-07-22,6:40,0.0
39056,M,13112,36,1753209507540,32.34746,-90.32415,,Entergy,2025-07-22,6:40,0.0
39110,M,23157,2,1753209507540,32.48981,-90.12691,,Entergy,2025-07-22,6:40,0.0
39111,M,2204,1,1753209507540,31.87483,-89.72898,,Entergy,2025-07-22,6:40,0.0
39114,M,1933,6,1753209507540,31.96276,-89.82873,,Entergy,2025-07-22,6:40,0.0
39120,M,11347,23,1753209507540,31.55832,-91.35712,,Entergy,2025-07-22,6:40,0.0
39175,M,1917,2,1753209507540,32.11252,-90.61849,,Entergy,2025-07-22,6:40,0.0
39180,M,15650,18,1753209507540,32.29153,-90.85439,,Entergy,2025-07-22,6:40,0.0
39183,M,5881,30,1753209507540,32.3882,-90.81591,,Entergy,2025-07-22,6:40,0.01
39209,M,11622,1,1753209507540,32.32817,-90.26082,,Entergy,2025-07-22,6:40,0.0
39213,M,9024,2,1753209507540,32.36139,-90.22258,,Entergy,2025-07-22,6:40,0.0
39272,M,6124,2,1753209507540,32.19375,-90.26983,,Entergy,2025-07-22,6:40,0.0
39645,M,1169,1,1753209507540,31.16462,-90.80817,,Entergy,2025-07-22,6:40,0.0
39648,M,7557,2,1753209507540,31.23154,-90.44124,,Entergy,2025-07-22,6:40,0.0
39653,M,1075,2,1753209507540,31.4675,-90.88453,,Entergy,2025-07-22,6:40,0.0
38637,M,10276,1,1753210107208,34.95034,-90.04785,,Entergy,2025-07-22,6:48,0.0
38651,M,4621,42,1753210107208,34.88966,-89.97803,,Entergy,2025-07-22,6:48,0.01
38671,M,21271,16,1753210107208,34.96785,-89.99781,,Entergy,2025-07-22,6:48,0.0
38680,M,3289,1,1753210107208,34.95546,-90.12808,,Entergy,2025-07-22,6:48,0.0
38782,M,40,2,1753210107208,33.49921,-91.05856,,Entergy,2025-07-22,6:48,0.05
39046,M,10261,10,1753210107208,32.61025,-90.01947,,Entergy,2025-07-22,6:48,0.0
39047,M,10054,1,1753210107208,32.37836,-89.99873,,Entergy,2025-07-22,6:48,0.0
39056,M,13112,36,1753210107208,32.34746,-90.32415,,Entergy,2025-07-22,6:48,0.0
39110,M,23157,2,1753210107208,32.48981,-90.12691,,Entergy,2025-07-22,6:48,0.0
39111,M,2204,1,1753210107208,31.87483,-89.72898,,Entergy,2025-07-22,6:48,0.0
39114,M,1933,6,1753210107208,31.96276,-89.82873,,Entergy,2025-07-22,6:48,0.0
39120,M,11347,23,1753210107208,31.55832,-91.35712,,Entergy,2025-07-22,6:48,0.0
39154,M,4349,6,1753210107208,32.23029,-90.41145,,Entergy,2025-07-22,6:48,0.0
39170,M,4837,40,1753210107208,32.12449,-90.32042,,Entergy,2025-07-22,6:48,0.01
39175,M,1917,2,1753210107208,32.11252,-90.61849,,Entergy,2025-07-22,6:48,0.0
39180,M,15650,18,1753210107208,32.29153,-90.85439,,Entergy,2025-07-22,6:48,0.0
39183,M,5881,30,1753210107208,32.3882,-90.81591,,Entergy,2025-07-22,6:48,0.01
39209,M,11622,1,1753210107208,32.32817,-90.26082,,Entergy,2025-07-22,6:48,0.0
39213,M,9024,2,1753210107208,32.36139,-90.22258,,Entergy,2025-07-22,6:48,0.0
39272,M,6124,2,1753210107208,32.19375,-90.26983,,Entergy,2025-07-22,6:48,0.0
39645,M,1169,1,1753210107208,31.16462,-90.80817,,Entergy,2025-07-22,6:48,0.0
39648,M,7557,1,1753210107208,31.23154,-90.44124,,Entergy,2025-07-22,6:48,0.0
39653,M,1075,2,1753210107208,31.4675,-90.88453,,Entergy,2025-07-22,6:48,0.0
38637,M,10276,1,1753210587158,34.95034,-90.04785,,Entergy,2025-07-22,6:58,0.0
38671,M,21271,1,1753210587158,34.96785,-89.99781,,Entergy,2025-07-22,6:58,0.0
38680,M,3289,1,1753210587158,34.95546,-90.12808,,Entergy,2025-07-22,6:58,0.0
38782,M,40,2,1753210587158,33.49921,-91.05856,,Entergy,2025-07-22,6:58,0.05
39046,M,10261,10,1753210587158,32.61025,-90.01947,,Entergy,2025-07-22,6:58,0.0
39047,M,10054,1,1753210587158,32.37836,-89.99873,,Entergy,2025-07-22,6:58,0.0
39056,M,13112,36,1753210587158,32.34746,-90.32415,,Entergy,2025-07-22,6:58,0.0
39110,M,23157,2,1753210587158,32.48981,-90.12691,,Entergy,2025-07-22,6:58,0.0
39111,M,2204,1,1753210587158,31.87483,-89.72898,,Entergy,2025-07-22,6:58,0.0
39114,M,1933,6,1753210587158,31.96276,-89.82873,,Entergy,2025-07-22,6:58,0.0
39120,M,11347,23,1753210587158,31.55832,-91.35712,,Entergy,2025-07-22,6:58,0.0
39154,M,4349,6,1753210587158,32.23029,-90.41145,,Entergy,2025-07-22,6:58,0.0
39170,M,4837,40,1753210587158,32.12449,-90.32042,,Entergy,2025-07-22,6:58,0.01
39175,M,1917,2,1753210587158,32.11252,-90.61849,,Entergy,2025-07-22,6:58,0.0
39180,M,15650,18,1753210587158,32.29153,-90.85439,,Entergy,2025-07-22,6:58,0.0
39183,M,5881,30,1753210587158,32.3882,-90.81591,,Entergy,2025-07-22,6:58,0.01
39206,M,10888,1,1753210587158,32.36569,-90.17494,,Entergy,2025-07-22,6:58,0.0
39209,M,11622,1,1753210587158,32.32817,-90.26082,,Entergy,2025-07-22,6:58,0.0
39213,M,9024,2,1753210587158,32.36139,-90.22258,,Entergy,2025-07-22,6:58,0.0
39272,M,6124,2,1753210587158,32.19375,-90.26983,,Entergy,2025-07-22,6:58,0.0
39645,M,1169,1,1753210587158,31.16462,-90.80817,,Entergy,2025-07-22,6:58,0.0
39648,M,7557,1,1753210587158,31.23154,-90.44124,,Entergy,2025-07-22,6:58,0.0
39653,M,1075,2,1753210587158,31.4675,-90.88453,,Entergy,2025-07-22,6:58,0.0
38632,M,13796,1,1753211307261,34.81929,-89.99467,,Entergy,2025-07-22,7:09,0.0
38637,M,10276,1,1753211307261,34.95034,-90.04785,,Entergy,2025-07-22,7:09,0.0
38651,M,4621,73,1753211307261,34.88966,-89.97803,,Entergy,2025-07-22,7:09,0.02
38671,M,21271,2,1753211307261,34.96785,-89.99781,,Entergy,2025-07-22,7:09,0.0
38680,M,3289,1,1753211307261,34.95546,-90.12808,,Entergy,2025-07-22,7:09,0.0
38703,M,4861,1,1753211307261,33.41501,-91.02296,,Entergy,2025-07-22,7:09,0.0
38732,M,6072,1,1753211307261,33.74259,-90.7197,,Entergy,2025-07-22,7:09,0.0
38782,M,40,2,1753211307261,33.49921,-91.05856,,Entergy,2025-07-22,7:09,0.05
39046,M,10261,10,1753211307261,32.61025,-90.01947,,Entergy,2025-07-22,7:09,0.0
39047,M,10054,1,1753211307261,32.37836,-89.99873,,Entergy,2025-07-22,7:09,0.0
39056,M,13112,36,1753211307261,32.34746,-90.32415,,Entergy,2025-07-22,7:09,0.0
39110,M,23157,2,1753211307261,32.48981,-90.12691,,Entergy,2025-07-22,7:09,0.0
39111,M,2204,1,1753211307261,31.87483,-89.72898,,Entergy,2025-07-22,7:09,0.0
39114,M,1933,6,1753211307261,31.96276,-89.82873,,Entergy,2025-07-22,7:09,0.0
39120,M,11347,23,1753211307261,31.55832,-91.35712,,Entergy,2025-07-22,7:09,0.0
39154,M,4349,6,1753211307261,32.23029,-90.41145,,Entergy,2025-07-22,7:09,0.0
39170,M,4837,40,1753211307261,32.12449,-90.32042,,Entergy,2025-07-22,7:09,0.01
39175,M,1917,2,1753211307261,32.11252,-90.61849,,Entergy,2025-07-22,7:09,0.0
39180,M,15650,18,1753211307261,32.29153,-90.85439,,Entergy,2025-07-22,7:09,0.0
39183,M,5881,30,1753211307261,32.3882,-90.81591,,Entergy,2025-07-22,7:09,0.01
39204,M,7052,1,1753211307261,32.28104,-90.22943,,Entergy,2025-07-22,7:09,0.0
39209,M,11622,1,1753211307261,32.32817,-90.26082,,Entergy,2025-07-22,7:09,0.0
39213,M,9024,2,1753211307261,32.36139,-90.22258,,Entergy,2025-07-22,7:09,0.0
39272,M,6124,2,1753211307261,32.19375,-90.26983,,Entergy,2025-07-22,7:09,0.0
39645,M,1169,1,1753211307261,31.16462,-90.80817,,Entergy,2025-07-22,7:09,0.0
39648,M,7557,1,1753211307261,31.23154,-90.44124,,Entergy,2025-07-22,7:09,0.0
38637,M,10276,1,1753211787206,34.95034,-90.04785,,Entergy,2025-07-22,7:17,0.0
38651,M,4621,73,1753211787206,34.88966,-89.97803,,Entergy,2025-07-22,7:17,0.02
38671,M,21271,2,1753211787206,34.96785,-89.99781,,Entergy,2025-07-22,7:17,0.0
38680,M,3289,1,1753211787206,34.95546,-90.12808,,Entergy,2025-07-22,7:17,0.0
38703,M,4861,1,1753211787206,33.41501,-91.02296,,Entergy,2025-07-22,7:17,0.0
39046,M,10261,10,1753211787206,32.61025,-90.01947,,Entergy,2025-07-22,7:17,0.0
39047,M,10054,1,1753211787206,32.37836,-89.99873,,Entergy,2025-07-22,7:17,0.0
39056,M,13112,36,1753211787206,32.34746,-90.32415,,Entergy,2025-07-22,7:17,0.0
39110,M,23157,2,1753211787206,32.48981,-90.12691,,Entergy,2025-07-22,7:17,0.0
39111,M,2204,1,1753211787206,31.87483,-89.72898,,Entergy,2025-07-22,7:17,0.0
39114,M,1933,6,1753211787206,31.96276,-89.82873,,Entergy,2025-07-22,7:17,0.0
39120,M,11347,23,1753211787206,31.55832,-91.35712,,Entergy,2025-07-22,7:17,0.0
39154,M,4349,6,1753211787206,32.23029,-90.41145,,Entergy,2025-07-22,7:17,0.0
39170,M,4837,40,1753211787206,32.12449,-90.32042,,Entergy,2025-07-22,7:17,0.01
39175,M,1917,2,1753211787206,32.11252,-90.61849,,Entergy,2025-07-22,7:17,0.0
39180,M,15650,2,1753211787206,32.29153,-90.85439,,Entergy,2025-07-22,7:17,0.0
39183,M,5881,3,1753211787206,32.3882,-90.81591,,Entergy,2025-07-22,7:17,0.0
39204,M,7052,1,1753211787206,32.28104,-90.22943,,Entergy,2025-07-22,7:17,0.0
39206,M,10888,1,1753211787206,32.36569,-90.17494,,Entergy,2025-07-22,7:17,0.0
39213,M,9024,2,1753211787206,32.36139,-90.22258,,Entergy,2025-07-22,7:17,0.0
39272,M,6124,2,1753211787206,32.19375,-90.26983,,Entergy,2025-07-22,7:17,0.0
39645,M,1169,1,1753211787206,31.16462,-90.80817,,Entergy,2025-07-22,7:17,0.0
38637,M,10276,1,1753212387140,34.95034,-90.04785,,Entergy,2025-07-22,7:28,0.0
38671,M,21271,1,1753212387140,34.96785,-89.99781,,Entergy,2025-07-22,7:28,0.0
38680,M,3289,1,1753212387140,34.95546,-90.12808,,Entergy,2025-07-22,7:28,0.0
38703,M,4861,1,1753212387140,33.41501,-91.02296,,Entergy,2025-07-22,7:28,0.0
39046,M,10261,10,1753212387140,32.61025,-90.01947,,Entergy,2025-07-22,7:28,0.0
39047,M,10054,1,1753212387140,32.37836,-89.99873,,Entergy,2025-07-22,7:28,0.0
39056,M,13112,36,1753212387140,32.34746,-90.32415,,Entergy,2025-07-22,7:28,0.0
39095,M,1741,14,1753212387140,33.10018,-90.06266,,Entergy,2025-07-22,7:28,0.01
39110,M,23157,2,1753212387140,32.48981,-90.12691,,Entergy,2025-07-22,7:28,0.0
39111,M,2204,1,1753212387140,31.87483,-89.72898,,Entergy,2025-07-22,7:28,0.0
39114,M,1933,6,1753212387140,31.96276,-89.82873,,Entergy,2025-07-22,7:28,0.0
39120,M,11347,23,1753212387140,31.55832,-91.35712,,Entergy,2025-07-22,7:28,0.0
39154,M,4349,6,1753212387140,32.23029,-90.41145,,Entergy,2025-07-22,7:28,0.0
39170,M,4837,40,1753212387140,32.12449,-90.32042,,Entergy,2025-07-22,7:28,0.01
39175,M,1917,2,1753212387140,32.11252,-90.61849,,Entergy,2025-07-22,7:28,0.0
39180,M,15650,2,1753212387140,32.29153,-90.85439,,Entergy,2025-07-22,7:28,0.0
39183,M,5881,3,1753212387140,32.3882,-90.81591,,Entergy,2025-07-22,7:28,0.0
39204,M,7052,1,1753212387140,32.28104,-90.22943,,Entergy,2025-07-22,7:28,0.0
39206,M,10888,6,1753212387140,32.36569,-90.17494,,Entergy,2025-07-22,7:28,0.0
39213,M,9024,2,1753212387140,32.36139,-90.22258,,Entergy,2025-07-22,7:28,0.0
39272,M,6124,2,1753212387140,32.19375,-90.26983,,Entergy,2025-07-22,7:28,0.0
39601,M,8045,1,1753212387140,31.57434,-90.46337,,Entergy,2025-07-22,7:28,0.0
39629,M,440,10,1753212387140,31.43926,-90.45589,,Entergy,2025-07-22,7:28,0.02
39638,M,1631,1,1753212387140,31.19926,-91.0112,,Entergy,2025-07-22,7:28,0.0
39645,M,1169,1,1753212387140,31.16462,-90.80817,,Entergy,2025-07-22,7:28,0.0
39648,M,7557,3,1753212387140,31.23154,-90.44124,,Entergy,2025-07-22,7:28,0.0
39667,M,1712,3,1753212387140,31.12261,-90.13936,,Entergy,2025-07-22,7:28,0.0
38632,M,13796,1,1753213227394,34.81929,-89.99467,,Entergy,2025-07-22,7:41,0.0
38637,M,10276,1,1753213227394,34.95034,-90.04785,,Entergy,2025-07-22,7:41,0.0
38671,M,21271,1,1753213227394,34.96785,-89.99781,,Entergy,2025-07-22,7:41,0.0
38680,M,3289,1,1753213227394,34.95546,-90.12808,,Entergy,2025-07-22,7:41,0.0
38703,M,4861,1,1753213227394,33.41501,-91.02296,,Entergy,2025-07-22,7:41,0.0
39046,M,10261,10,1753213227394,32.61025,-90.01947,,Entergy,2025-07-22,7:41,0.0
39047,M,10054,1,1753213227394,32.37836,-89.99873,,Entergy,2025-07-22,7:41,0.0
39095,M,1741,14,1753213227394,33.10018,-90.06266,,Entergy,2025-07-22,7:41,0.01
39110,M,23157,2,1753213227394,32.48981,-90.12691,,Entergy,2025-07-22,7:41,0.0
39120,M,11347,23,1753213227394,31.55832,-91.35712,,Entergy,2025-07-22,7:41,0.0
39154,M,4349,6,1753213227394,32.23029,-90.41145,,Entergy,2025-07-22,7:41,0.0
39170,M,4837,40,1753213227394,32.12449,-90.32042,,Entergy,2025-07-22,7:41,0.01
39175,M,1917,2,1753213227394,32.11252,-90.61849,,Entergy,2025-07-22,7:41,0.0
39180,M,15650,2,1753213227394,32.29153,-90.85439,,Entergy,2025-07-22,7:41,0.0
39183,M,5881,3,1753213227394,32.3882,-90.81591,,Entergy,2025-07-22,7:41,0.0
39202,M,4693,1,1753213227394,32.31316,-90.17569,,Entergy,2025-07-22,7:41,0.0
39204,M,7052,5,1753213227394,32.28104,-90.22943,,Entergy,2025-07-22,7:41,0.0
39206,M,10888,6,1753213227394,32.36569,-90.17494,,Entergy,2025-07-22,7:41,0.0
39213,M,9024,2,1753213227394,32.36139,-90.22258,,Entergy,2025-07-22,7:41,0.0
39216,M,2862,3,1753213227394,32.33714,-90.16827,,Entergy,2025-07-22,7:41,0.0
39272,M,6124,2,1753213227394,32.19375,-90.26983,,Entergy,2025-07-22,7:41,0.0
39601,M,8045,1,1753213227394,31.57434,-90.46337,,Entergy,2025-07-22,7:41,0.0
39629,M,440,10,1753213227394,31.43926,-90.45589,,Entergy,2025-07-22,7:41,0.02
39645,M,1169,1,1753213227394,31.16462,-90.80817,,Entergy,2025-07-22,7:41,0.0
39648,M,7557,3,1753213227394,31.23154,-90.44124,,Entergy,2025-07-22,7:41,0.0
39667,M,1712,3,1753213227394,31.12261,-90.13936,,Entergy,2025-07-22,7:41,0.0
38637,M,10276,9,1753214187231,34.95034,-90.04785,,Entergy,2025-07-22,7:57,0.0
38671,M,21271,1,1753214187231,34.96785,-89.99781,,Entergy,2025-07-22,7:57,0.0
38680,M,3289,1,1753214187231,34.95546,-90.12808,,Entergy,2025-07-22,7:57,0.0
38703,M,4861,1,1753214187231,33.41501,-91.02296,,Entergy,2025-07-22,7:57,0.0
38963,M,657,1,1753214187231,34.01139,-90.43276,,Entergy,2025-07-22,7:57,0.0
39046,M,10261,10,1753214187231,32.61025,-90.01947,,Entergy,2025-07-22,7:57,0.0
39047,M,10054,1,1753214187231,32.37836,-89.99873,,Entergy,2025-07-22,7:57,0.0
39095,M,1741,14,1753214187231,33.10018,-90.06266,,Entergy,2025-07-22,7:57,0.01
39110,M,23157,2,1753214187231,32.48981,-90.12691,,Entergy,2025-07-22,7:57,0.0
39120,M,11347,23,1753214187231,31.55832,-91.35712,,Entergy,2025-07-22,7:57,0.0
39154,M,4349,6,1753214187231,32.23029,-90.41145,,Entergy,2025-07-22,7:57,0.0
39170,M,4837,40,1753214187231,32.12449,-90.32042,,Entergy,2025-07-22,7:57,0.01
39175,M,1917,2,1753214187231,32.11252,-90.61849,,Entergy,2025-07-22,7:57,0.0
39180,M,15650,2,1753214187231,32.29153,-90.85439,,Entergy,2025-07-22,7:57,0.0
39183,M,5881,3,1753214187231,32.3882,-90.81591,,Entergy,2025-07-22,7:57,0.0
39202,M,4693,1,1753214187231,32.31316,-90.17569,,Entergy,2025-07-22,7:57,0.0
39204,M,7052,5,1753214187231,32.28104,-90.22943,,Entergy,2025-07-22,7:57,0.0
39213,M,9024,2,1753214187231,32.36139,-90.22258,,Entergy,2025-07-22,7:57,0.0
39272,M,6124,2,1753214187231,32.19375,-90.26983,,Entergy,2025-07-22,7:57,0.0
39601,M,8045,1,1753214187231,31.57434,-90.46337,,Entergy,2025-07-22,7:57,0.0
39629,M,440,10,1753214187231,31.43926,-90.45589,,Entergy,2025-07-22,7:57,0.02
39645,M,1169,1,1753214187231,31.16462,-90.80817,,Entergy,2025-07-22,7:57,0.0
39648,M,7557,3,1753214187231,31.23154,-90.44124,,Entergy,2025-07-22,7:57,0.0
39667,M,1712,3,1753214187231,31.12261,-90.13936,,Entergy,2025-07-22,7:57,0.0
38637,M,10276,9,1753216227645,34.95034,-90.04785,,Entergy,2025-07-22,8:32,0.0
38671,M,21271,1,1753216227645,34.96785,-89.99781,,Entergy,2025-07-22,8:32,0.0
38680,M,3289,9,1753216227645,34.95546,-90.12808,,Entergy,2025-07-22,8:32,0.0
38703,M,4861,1,1753216227645,33.41501,-91.02296,,Entergy,2025-07-22,8:32,0.0
38963,M,657,1,1753216227645,34.01139,-90.43276,,Entergy,2025-07-22,8:32,0.0
39046,M,10261,10,1753216227645,32.61025,-90.01947,,Entergy,2025-07-22,8:32,0.0
39073,M,5360,1,1753216227645,32.12856,-90.11806,,Entergy,2025-07-22,8:32,0.0
39095,M,1741,14,1753216227645,33.10018,-90.06266,,Entergy,2025-07-22,8:32,0.01
39110,M,23157,2,1753216227645,32.48981,-90.12691,,Entergy,2025-07-22,8:32,0.0
39154,M,4349,6,1753216227645,32.23029,-90.41145,,Entergy,2025-07-22,8:32,0.0
39170,M,4837,40,1753216227645,32.12449,-90.32042,,Entergy,2025-07-22,8:32,0.01
39175,M,1917,2,1753216227645,32.11252,-90.61849,,Entergy,2025-07-22,8:32,0.0
39180,M,15650,2,1753216227645,32.29153,-90.85439,,Entergy,2025-07-22,8:32,0.0
39183,M,5881,3,1753216227645,32.3882,-90.81591,,Entergy,2025-07-22,8:32,0.0
39202,M,4693,1,1753216227645,32.31316,-90.17569,,Entergy,2025-07-22,8:32,0.0
39204,M,7052,4,1753216227645,32.28104,-90.22943,,Entergy,2025-07-22,8:32,0.0
39206,M,10888,1,1753216227645,32.36569,-90.17494,,Entergy,2025-07-22,8:32,0.0
39213,M,9024,2,1753216227645,32.36139,-90.22258,,Entergy,2025-07-22,8:32,0.0
39232,M,6117,27,1753216227645,32.3404,-90.06563,,Entergy,2025-07-22,8:32,0.0
39272,M,6124,2,1753216227645,32.19375,-90.26983,,Entergy,2025-07-22,8:32,0.0
39601,M,8045,1,1753216227645,31.57434,-90.46337,,Entergy,2025-07-22,8:32,0.0
39629,M,440,10,1753216227645,31.43926,-90.45589,,Entergy,2025-07-22,8:32,0.02
39645,M,1169,1,1753216227645,31.16462,-90.80817,,Entergy,2025-07-22,8:32,0.0
39667,M,1712,3,1753216227645,31.12261,-90.13936,,Entergy,2025-07-22,8:32,0.0
38637,M,10276,8,1753217547317,34.95034,-90.04785,,Entergy,2025-07-22,8:53,0.0
38671,M,21271,1,1753217547317,34.96785,-89.99781,,Entergy,2025-07-22,8:53,0.0
38680,M,3289,9,1753217547317,34.95546,-90.12808,,Entergy,2025-07-22,8:53,0.0
38771,M,1241,1,1753217547317,33.7307,-90.54226,,Entergy,2025-07-22,8:53,0.0
38963,M,657,1,1753217547317,34.01139,-90.43276,,Entergy,2025-07-22,8:53,0.0
39046,M,10261,10,1753217547317,32.61025,-90.01947,,Entergy,2025-07-22,8:53,0.0
39054,M,323,4,1753217547317,32.7999,-90.9291,,Entergy,2025-07-22,8:53,0.01
39095,M,1741,14,1753217547317,33.10018,-90.06266,,Entergy,2025-07-22,8:53,0.01
39110,M,23157,2,1753217547317,32.48981,-90.12691,,Entergy,2025-07-22,8:53,0.0
39154,M,4349,6,1753217547317,32.23029,-90.41145,,Entergy,2025-07-22,8:53,0.0
39170,M,4837,40,1753217547317,32.12449,-90.32042,,Entergy,2025-07-22,8:53,0.01
39180,M,15650,2,1753217547317,32.29153,-90.85439,,Entergy,2025-07-22,8:53,0.0
39183,M,5881,3,1753217547317,32.3882,-90.81591,,Entergy,2025-07-22,8:53,0.0
39202,M,4693,1,1753217547317,32.31316,-90.17569,,Entergy,2025-07-22,8:53,0.0
39204,M,7052,4,1753217547317,32.28104,-90.22943,,Entergy,2025-07-22,8:53,0.0
39209,M,11622,1,1753217547317,32.32817,-90.26082,,Entergy,2025-07-22,8:53,0.0
39232,M,6117,27,1753217547317,32.3404,-90.06563,,Entergy,2025-07-22,8:53,0.0
39645,M,1169,1,1753217547317,31.16462,-90.80817,,Entergy,2025-07-22,8:53,0.0
39667,M,1712,3,1753217547317,31.12261,-90.13936,,Entergy,2025-07-22,8:53,0.0
38637,M,10276,15,1753218267233,34.95034,-90.04785,,Entergy,2025-07-22,9:05,0.0
38671,M,21271,1,1753218267233,34.96785,-89.99781,,Entergy,2025-07-22,9:05,0.0
38680,M,3289,9,1753218267233,34.95546,-90.12808,,Entergy,2025-07-22,9:05,0.0
38963,M,657,1,1753218267233,34.01139,-90.43276,,Entergy,2025-07-22,9:05,0.0
39046,M,10261,10,1753218267233,32.61025,-90.01947,,Entergy,2025-07-22,9:05,0.0
39054,M,323,4,1753218267233,32.7999,-90.9291,,Entergy,2025-07-22,9:05,0.01
39095,M,1741,14,1753218267233,33.10018,-90.06266,,Entergy,2025-07-22,9:05,0.01
39110,M,23157,2,1753218267233,32.48981,-90.12691,,Entergy,2025-07-22,9:05,0.0
39120,M,11347,1,1753218267233,31.55832,-91.35712,,Entergy,2025-07-22,9:05,0.0
39154,M,4349,6,1753218267233,32.23029,-90.41145,,Entergy,2025-07-22,9:05,0.0
39170,M,4837,40,1753218267233,32.12449,-90.32042,,Entergy,2025-07-22,9:05,0.01
39180,M,15650,2,1753218267233,32.29153,-90.85439,,Entergy,2025-07-22,9:05,0.0
39183,M,5881,3,1753218267233,32.3882,-90.81591,,Entergy,2025-07-22,9:05,0.0
39202,M,4693,1,1753218267233,32.31316,-90.17569,,Entergy,2025-07-22,9:05,0.0
39204,M,7052,5,1753218267233,32.28104,-90.22943,,Entergy,2025-07-22,9:05,0.0
39206,M,10888,1,1753218267233,32.36569,-90.17494,,Entergy,2025-07-22,9:05,0.0
39209,M,11622,1,1753218267233,32.32817,-90.26082,,Entergy,2025-07-22,9:05,0.0
39232,M,6117,27,1753218267233,32.3404,-90.06563,,Entergy,2025-07-22,9:05,0.0
39645,M,1169,1,1753218267233,31.16462,-90.80817,,Entergy,2025-07-22,9:05,0.0
39667,M,1712,3,1753218267233,31.12261,-90.13936,,Entergy,2025-07-22,9:05,0.0
38637,M,10276,15,1753218387764,34.95034,-90.04785,,Entergy,2025-07-22,9:08,0.0
38671,M,21271,1,1753218387764,34.96785,-89.99781,,Entergy,2025-07-22,9:08,0.0
38680,M,3289,9,1753218387764,34.95546,-90.12808,,Entergy,2025-07-22,9:08,0.0
38963,M,657,1,1753218387764,34.01139,-90.43276,,Entergy,2025-07-22,9:08,0.0
39046,M,10261,10,1753218387764,32.61025,-90.01947,,Entergy,2025-07-22,9:08,0.0
39047,M,10054,1,1753218387764,32.37836,-89.99873,,Entergy,2025-07-22,9:08,0.0
39054,M,323,4,1753218387764,32.7999,-90.9291,,Entergy,2025-07-22,9:08,0.01
39095,M,1741,14,1753218387764,33.10018,-90.06266,,Entergy,2025-07-22,9:08,0.01
39110,M,23157,2,1753218387764,32.48981,-90.12691,,Entergy,2025-07-22,9:08,0.0
39120,M,11347,1,1753218387764,31.55832,-91.35712,,Entergy,2025-07-22,9:08,0.0
39154,M,4349,6,1753218387764,32.23029,-90.41145,,Entergy,2025-07-22,9:08,0.0
39170,M,4837,40,1753218387764,32.12449,-90.32042,,Entergy,2025-07-22,9:08,0.01
39180,M,15650,2,1753218387764,32.29153,-90.85439,,Entergy,2025-07-22,9:08,0.0
39183,M,5881,3,1753218387764,32.3882,-90.81591,,Entergy,2025-07-22,9:08,0.0
39202,M,4693,1,1753218387764,32.31316,-90.17569,,Entergy,2025-07-22,9:08,0.0
39204,M,7052,5,1753218387764,32.28104,-90.22943,,Entergy,2025-07-22,9:08,0.0
39206,M,10888,1,1753218387764,32.36569,-90.17494,,Entergy,2025-07-22,9:08,0.0
39209,M,11622,1,1753218387764,32.32817,-90.26082,,Entergy,2025-07-22,9:08,0.0
39232,M,6117,27,1753218387764,32.3404,-90.06563,,Entergy,2025-07-22,9:08,0.0
39645,M,1169,1,1753218387764,31.16462,-90.80817,,Entergy,2025-07-22,9:08,0.0
39667,M,1712,3,1753218387764,31.12261,-90.13936,,Entergy,2025-07-22,9:08,0.0
38637,M,10276,15,1753219467210,34.95034,-90.04785,,Entergy,2025-07-22,9:24,0.0
38671,M,21271,1,1753219467210,34.96785,-89.99781,,Entergy,2025-07-22,9:24,0.0
38680,M,3289,9,1753219467210,34.95546,-90.12808,,Entergy,2025-07-22,9:24,0.0
38963,M,657,1,1753219467210,34.01139,-90.43276,,Entergy,2025-07-22,9:24,0.0
39046,M,10261,10,1753219467210,32.61025,-90.01947,,Entergy,2025-07-22,9:24,0.0
39047,M,10054,1,1753219467210,32.37836,-89.99873,,Entergy,2025-07-22,9:24,0.0
39054,M,323,4,1753219467210,32.7999,-90.9291,,Entergy,2025-07-22,9:24,0.01
39110,M,23157,2,1753219467210,32.48981,-90.12691,,Entergy,2025-07-22,9:24,0.0
39120,M,11347,57,1753219467210,31.55832,-91.35712,,Entergy,2025-07-22,9:24,0.01
39149,M,338,1,1753219467210,31.81517,-89.99999,,Entergy,2025-07-22,9:24,0.0
39154,M,4349,6,1753219467210,32.23029,-90.41145,,Entergy,2025-07-22,9:24,0.0
39170,M,4837,40,1753219467210,32.12449,-90.32042,,Entergy,2025-07-22,9:24,0.01
39180,M,15650,2,1753219467210,32.29153,-90.85439,,Entergy,2025-07-22,9:24,0.0
39183,M,5881,3,1753219467210,32.3882,-90.81591,,Entergy,2025-07-22,9:24,0.0
39202,M,4693,1,1753219467210,32.31316,-90.17569,,Entergy,2025-07-22,9:24,0.0
39204,M,7052,5,1753219467210,32.28104,-90.22943,,Entergy,2025-07-22,9:24,0.0
39206,M,10888,1,1753219467210,32.36569,-90.17494,,Entergy,2025-07-22,9:24,0.0
39232,M,6117,27,1753219467210,32.3404,-90.06563,,Entergy,2025-07-22,9:24,0.0
39645,M,1169,1,1753219467210,31.16462,-90.80817,,Entergy,2025-07-22,9:24,0.0
39667,M,1712,3,1753219467210,31.12261,-90.13936,,Entergy,2025-07-22,9:24,0.0
38637,M,10276,15,1753220547486,34.95034,-90.04785,,Entergy,2025-07-22,9:43,0.0
38671,M,21271,1,1753220547486,34.96785,-89.99781,,Entergy,2025-07-22,9:43,0.0
38680,M,3289,9,1753220547486,34.95546,-90.12808,,Entergy,2025-07-22,9:43,0.0
38963,M,657,1,1753220547486,34.01139,-90.43276,,Entergy,2025-07-22,9:43,0.0
39046,M,10261,10,1753220547486,32.61025,-90.01947,,Entergy,2025-07-22,9:43,0.0
39054,M,323,4,1753220547486,32.7999,-90.9291,,Entergy,2025-07-22,9:43,0.01
39073,M,5360,2,1753220547486,32.12856,-90.11806,,Entergy,2025-07-22,9:43,0.0
39110,M,23157,2,1753220547486,32.48981,-90.12691,,Entergy,2025-07-22,9:43,0.0
39120,M,11347,57,1753220547486,31.55832,-91.35712,,Entergy,2025-07-22,9:43,0.01
39149,M,338,1,1753220547486,31.81517,-89.99999,,Entergy,2025-07-22,9:43,0.0
39154,M,4349,6,1753220547486,32.23029,-90.41145,,Entergy,2025-07-22,9:43,0.0
39170,M,4837,40,1753220547486,32.12449,-90.32042,,Entergy,2025-07-22,9:43,0.01
39180,M,15650,2,1753220547486,32.29153,-90.85439,,Entergy,2025-07-22,9:43,0.0
39183,M,5881,3,1753220547486,32.3882,-90.81591,,Entergy,2025-07-22,9:43,0.0
39202,M,4693,1,1753220547486,32.31316,-90.17569,,Entergy,2025-07-22,9:43,0.0
39204,M,7052,5,1753220547486,32.28104,-90.22943,,Entergy,2025-07-22,9:43,0.0
39206,M,10888,1,1753220547486,32.36569,-90.17494,,Entergy,2025-07-22,9:43,0.0
39208,M,10914,68,1753220547486,32.27003,-90.11125,,Entergy,2025-07-22,9:43,0.01
39232,M,6117,2,1753220547486,32.3404,-90.06563,,Entergy,2025-07-22,9:43,0.0
39601,M,8045,7,1753220547486,31.57434,-90.46337,,Entergy,2025-07-22,9:43,0.0
39645,M,1169,1,1753220547486,31.16462,-90.80817,,Entergy,2025-07-22,9:43,0.0
39667,M,1712,3,1753220547486,31.12261,-90.13936,,Entergy,2025-07-22,9:43,0.0
38637,M,10276,15,1753221387140,34.95034,-90.04785,,Entergy,2025-07-22,9:57,0.0
38671,M,21271,1,1753221387140,34.96785,-89.99781,,Entergy,2025-07-22,9:57,0.0
38680,M,3289,9,1753221387140,34.95546,-90.12808,,Entergy,2025-07-22,9:57,0.0
38963,M,657,2,1753221387140,34.01139,-90.43276,,Entergy,2025-07-22,9:57,0.0
39046,M,10261,10,1753221387140,32.61025,-90.01947,,Entergy,2025-07-22,9:57,0.0
39054,M,323,4,1753221387140,32.7999,-90.9291,,Entergy,2025-07-22,9:57,0.01
39097,M,285,1,1753221387140,32.96229,-90.59478,,Entergy,2025-07-22,9:57,0.0
39110,M,23157,2,1753221387140,32.48981,-90.12691,,Entergy,2025-07-22,9:57,0.0
39149,M,338,1,1753221387140,31.81517,-89.99999,,Entergy,2025-07-22,9:57,0.0
39154,M,4349,6,1753221387140,32.23029,-90.41145,,Entergy,2025-07-22,9:57,0.0
39170,M,4837,40,1753221387140,32.12449,-90.32042,,Entergy,2025-07-22,9:57,0.01
39180,M,15650,2,1753221387140,32.29153,-90.85439,,Entergy,2025-07-22,9:57,0.0
39202,M,4693,1,1753221387140,32.31316,-90.17569,,Entergy,2025-07-22,9:57,0.0
39204,M,7052,5,1753221387140,32.28104,-90.22943,,Entergy,2025-07-22,9:57,0.0
39208,M,10914,68,1753221387140,32.27003,-90.11125,,Entergy,2025-07-22,9:57,0.01
39232,M,6117,27,1753221387140,32.3404,-90.06563,,Entergy,2025-07-22,9:57,0.0
39645,M,1169,1,1753221387140,31.16462,-90.80817,,Entergy,2025-07-22,9:57,0.0
39667,M,1712,3,1753221387140,31.12261,-90.13936,,Entergy,2025-07-22,9:57,0.0
38637,M,10276,15,1753223307191,34.95034,-90.04785,,Entergy,2025-07-22,10:28,0.0
38671,M,21271,1,1753223307191,34.96785,-89.99781,,Entergy,2025-07-22,10:28,0.0
38672,M,4587,1,1753223307191,34.94227,-89.95324,,Entergy,2025-07-22,10:28,0.0
38680,M,3289,9,1753223307191,34.95546,-90.12808,,Entergy,2025-07-22,10:28,0.0
38963,M,657,2,1753223307191,34.01139,-90.43276,,Entergy,2025-07-22,10:28,0.0
39054,M,323,4,1753223307191,32.7999,-90.9291,,Entergy,2025-07-22,10:28,0.01
39063,M,563,1,1753223307191,33.09069,-89.87462,,Entergy,2025-07-22,10:28,0.0
39097,M,285,1,1753223307191,32.96229,-90.59478,,Entergy,2025-07-22,10:28,0.0
39149,M,338,1,1753223307191,31.81517,-89.99999,,Entergy,2025-07-22,10:28,0.0
39154,M,4349,18,1753223307191,32.23029,-90.41145,,Entergy,2025-07-22,10:28,0.0
39180,M,15650,2,1753223307191,32.29153,-90.85439,,Entergy,2025-07-22,10:28,0.0
39204,M,7052,5,1753223307191,32.28104,-90.22943,,Entergy,2025-07-22,10:28,0.0
39206,M,10888,61,1753223307191,32.36569,-90.17494,,Entergy,2025-07-22,10:28,0.01
39208,M,10914,68,1753223307191,32.27003,-90.11125,,Entergy,2025-07-22,10:28,0.01
39211,M,13290,3,1753223307191,32.378,-90.13089,,Entergy,2025-07-22,10:28,0.0
39212,M,11950,181,1753223307191,32.24771,-90.25779,,Entergy,2025-07-22,10:28,0.02
39216,M,2862,30,1753223307191,32.33714,-90.16827,,Entergy,2025-07-22,10:28,0.01
39645,M,1169,1,1753223307191,31.16462,-90.80817,,Entergy,2025-07-22,10:28,0.0
39667,M,1712,3,1753223307191,31.12261,-90.13936,,Entergy,2025-07-22,10:28,0.0
OTHER,M,1,1,1753223307191,,,,Entergy,2025-07-22,10:28,1.0
38637,M,10276,15,1753224507133,34.95034,-90.04785,,Entergy,2025-07-22,10:49,0.0
38671,M,21271,1,1753224507133,34.96785,-89.99781,,Entergy,2025-07-22,10:49,0.0
38680,M,3289,9,1753224507133,34.95546,-90.12808,,Entergy,2025-07-22,10:49,0.0
38963,M,657,1,1753224507133,34.01139,-90.43276,,Entergy,2025-07-22,10:49,0.0
39054,M,323,4,1753224507133,32.7999,-90.9291,,Entergy,2025-07-22,10:49,0.01
39097,M,285,1,1753224507133,32.96229,-90.59478,,Entergy,2025-07-22,10:49,0.0
39149,M,338,1,1753224507133,31.81517,-89.99999,,Entergy,2025-07-22,10:49,0.0
39154,M,4349,18,1753224507133,32.23029,-90.41145,,Entergy,2025-07-22,10:49,0.0
39180,M,15650,2,1753224507133,32.29153,-90.85439,,Entergy,2025-07-22,10:49,0.0
39204,M,7052,4,1753224507133,32.28104,-90.22943,,Entergy,2025-07-22,10:49,0.0
39206,M,10888,61,1753224507133,32.36569,-90.17494,,Entergy,2025-07-22,10:49,0.01
39208,M,10914,68,1753224507133,32.27003,-90.11125,,Entergy,2025-07-22,10:49,0.01
39211,M,13290,3,1753224507133,32.378,-90.13089,,Entergy,2025-07-22,10:49,0.0
39212,M,11950,181,1753224507133,32.24771,-90.25779,,Entergy,2025-07-22,10:49,0.02
39216,M,2862,30,1753224507133,32.33714,-90.16827,,Entergy,2025-07-22,10:49,0.01
39645,M,1169,1,1753224507133,31.16462,-90.80817,,Entergy,2025-07-22,10:49,0.0
OTHER,M,1,1,1753224507133,,,,Entergy,2025-07-22,10:49,1.0
38637,M,10276,15,1753225707114,34.95034,-90.04785,,Entergy,2025-07-22,11:09,0.0
38671,M,21271,1,1753225707114,34.96785,-89.99781,,Entergy,2025-07-22,11:09,0.0
38680,M,3289,9,1753225707114,34.95546,-90.12808,,Entergy,2025-07-22,11:09,0.0
38963,M,657,1,1753225707114,34.01139,-90.43276,,Entergy,2025-07-22,11:09,0.0
39054,M,323,4,1753225707114,32.7999,-90.9291,,Entergy,2025-07-22,11:09,0.01
39097,M,285,1,1753225707114,32.96229,-90.59478,,Entergy,2025-07-22,11:09,0.0
39180,M,15650,2,1753225707114,32.29153,-90.85439,,Entergy,2025-07-22,11:09,0.0
39206,M,10888,10,1753225707114,32.36569,-90.17494,,Entergy,2025-07-22,11:09,0.0
39208,M,10914,68,1753225707114,32.27003,-90.11125,,Entergy,2025-07-22,11:09,0.01
39211,M,13290,59,1753225707114,32.378,-90.13089,,Entergy,2025-07-22,11:09,0.0
39212,M,11950,181,1753225707114,32.24771,-90.25779,,Entergy,2025-07-22,11:09,0.02
39216,M,2862,30,1753225707114,32.33714,-90.16827,,Entergy,2025-07-22,11:09,0.01
39645,M,1169,1,1753225707114,31.16462,-90.80817,,Entergy,2025-07-22,11:09,0.0
OTHER,M,1,1,1753225707114,,,,Entergy,2025-07-22,11:09,1.0
38614,M,1024,1,1753227147307,34.19284,-90.57933,,Entergy,2025-07-22,11:32,0.0
38637,M,10276,15,1753227147307,34.95034,-90.04785,,Entergy,2025-07-22,11:32,0.0
38671,M,21271,1,1753227147307,34.96785,-89.99781,,Entergy,2025-07-22,11:32,0.0
38680,M,3289,9,1753227147307,34.95546,-90.12808,,Entergy,2025-07-22,11:32,0.0
38963,M,657,1,1753227147307,34.01139,-90.43276,,Entergy,2025-07-22,11:32,0.0
39042,M,11636,1,1753227147307,32.25413,-89.96423,,Entergy,2025-07-22,11:32,0.0
39054,M,323,4,1753227147307,32.7999,-90.9291,,Entergy,2025-07-22,11:32,0.01
39097,M,285,1,1753227147307,32.96229,-90.59478,,Entergy,2025-07-22,11:32,0.0
39116,M,450,17,1753227147307,31.86777,-89.56243,,Entergy,2025-07-22,11:32,0.04
39153,M,647,638,1753227147307,32.03401,-89.50728,,Entergy,2025-07-22,11:32,0.99
39180,M,15650,28,1753227147307,32.29153,-90.85439,,Entergy,2025-07-22,11:32,0.0
39201,M,847,84,1753227147307,32.29654,-90.18446,,Entergy,2025-07-22,11:32,0.1
39206,M,10888,61,1753227147307,32.36569,-90.17494,,Entergy,2025-07-22,11:32,0.01
39208,M,10914,68,1753227147307,32.27003,-90.11125,,Entergy,2025-07-22,11:32,0.01
39209,M,11622,2,1753227147307,32.32817,-90.26082,,Entergy,2025-07-22,11:32,0.0
39211,M,13290,59,1753227147307,32.378,-90.13089,,Entergy,2025-07-22,11:32,0.0
39216,M,2862,30,1753227147307,32.33714,-90.16827,,Entergy,2025-07-22,11:32,0.01
39645,M,1169,1,1753227147307,31.16462,-90.80817,,Entergy,2025-07-22,11:32,0.0
OTHER,M,4,4,1753227147307,,,,Entergy,2025-07-22,11:32,1.0
38637,M,10276,8,1753228107439,34.95034,-90.04785,,Entergy,2025-07-22,11:50,0.0
38671,M,21271,1,1753228107439,34.96785,-89.99781,,Entergy,2025-07-22,11:50,0.0
38680,M,3289,8,1753228107439,34.95546,-90.12808,,Entergy,2025-07-22,11:50,0.0
38963,M,657,1,1753228107439,34.01139,-90.43276,,Entergy,2025-07-22,11:50,0.0
39047,M,10054,1,1753228107439,32.37836,-89.99873,,Entergy,2025-07-22,11:50,0.0
39054,M,323,4,1753228107439,32.7999,-90.9291,,Entergy,2025-07-22,11:50,0.01
39097,M,285,1,1753228107439,32.96229,-90.59478,,Entergy,2025-07-22,11:50,0.0
39116,M,450,17,1753228107439,31.86777,-89.56243,,Entergy,2025-07-22,11:50,0.04
39153,M,647,638,1753228107439,32.03401,-89.50728,,Entergy,2025-07-22,11:50,0.99
39180,M,15650,28,1753228107439,32.29153,-90.85439,,Entergy,2025-07-22,11:50,0.0
39201,M,847,84,1753228107439,32.29654,-90.18446,,Entergy,2025-07-22,11:50,0.1
39204,M,7052,1,1753228107439,32.28104,-90.22943,,Entergy,2025-07-22,11:50,0.0
39206,M,10888,61,1753228107439,32.36569,-90.17494,,Entergy,2025-07-22,11:50,0.01
39208,M,10914,68,1753228107439,32.27003,-90.11125,,Entergy,2025-07-22,11:50,0.01
39209,M,11622,2,1753228107439,32.32817,-90.26082,,Entergy,2025-07-22,11:50,0.0
39211,M,13290,59,1753228107439,32.378,-90.13089,,Entergy,2025-07-22,11:50,0.0
39216,M,2862,30,1753228107439,32.33714,-90.16827,,Entergy,2025-07-22,11:50,0.01
39645,M,1169,1,1753228107439,31.16462,-90.80817,,Entergy,2025-07-22,11:50,0.0
OTHER,M,4,4,1753228107439,,,,Entergy,2025-07-22,11:50,1.0
38637,M,10276,8,1753232427298,34.95034,-90.04785,,Entergy,2025-07-23,1:00,0.0
38671,M,21271,1,1753232427298,34.96785,-89.99781,,Entergy,2025-07-23,1:00,0.0
38680,M,3289,8,1753232427298,34.95546,-90.12808,,Entergy,2025-07-23,1:00,0.0
38737,M,1266,24,1753232427298,33.81211,-90.5291,,Entergy,2025-07-23,1:00,0.02
38963,M,657,1,1753232427298,34.01139,-90.43276,,Entergy,2025-07-23,1:00,0.0
39097,M,285,1,1753232427298,32.96229,-90.59478,,Entergy,2025-07-23,1:00,0.0
39153,M,647,450,1753232427298,32.03401,-89.50728,,Entergy,2025-07-23,1:00,0.7
39154,M,4349,8,1753232427298,32.23029,-90.41145,,Entergy,2025-07-23,1:00,0.0
39160,M,1248,1,1753232427298,33.02493,-89.75359,,Entergy,2025-07-23,1:00,0.0
39169,M,896,1,1753232427298,33.17296,-90.22671,,Entergy,2025-07-23,1:00,0.0
39180,M,15650,28,1753232427298,32.29153,-90.85439,,Entergy,2025-07-23,1:00,0.0
39183,M,5881,1,1753232427298,32.3882,-90.81591,,Entergy,2025-07-23,1:00,0.0
39206,M,10888,10,1753232427298,32.36569,-90.17494,,Entergy,2025-07-23,1:00,0.0
39208,M,10914,68,1753232427298,32.27003,-90.11125,,Entergy,2025-07-23,1:00,0.01
39211,M,13290,59,1753232427298,32.378,-90.13089,,Entergy,2025-07-23,1:00,0.0
39645,M,1169,1,1753232427298,31.16462,-90.80817,,Entergy,2025-07-23,1:00,0.0
OTHER,M,3,3,1753232427298,,,,Entergy,2025-07-23,1:00,1.0
38737,M,1266,24,1753239928113,33.81211,-90.5291,,Entergy,2025-07-23,3:07,0.02
38751,M,3669,6,1753239928113,33.44858,-90.65153,,Entergy,2025-07-23,3:07,0.0
38762,M,918,10,1753239928113,33.88015,-90.72762,,Entergy,2025-07-23,3:07,0.01
38963,M,657,1,1753239928113,34.01139,-90.43276,,Entergy,2025-07-23,3:07,0.0
39039,M,345,2,1753239928113,32.82705,-90.26059,,Entergy,2025-07-23,3:07,0.01
39153,M,647,450,1753239928113,32.03401,-89.50728,,Entergy,2025-07-23,3:07,0.7
39154,M,4349,41,1753239928113,32.23029,-90.41145,,Entergy,2025-07-23,3:07,0.01
39157,M,14900,3,1753239928113,32.41771,-90.13496,,Entergy,2025-07-23,3:07,0.0
39169,M,896,1,1753239928113,33.17296,-90.22671,,Entergy,2025-07-23,3:07,0.0
39180,M,15650,28,1753239928113,32.29153,-90.85439,,Entergy,2025-07-23,3:07,0.0
39183,M,5881,1,1753239928113,32.3882,-90.81591,,Entergy,2025-07-23,3:07,0.0
39211,M,13290,13,1753239928113,32.378,-90.13089,,Entergy,2025-07-23,3:07,0.0
39645,M,1169,1,1753239928113,31.16462,-90.80817,,Entergy,2025-07-23,3:07,0.0
OTHER,M,3,3,1753239928113,,,,Entergy,2025-07-23,3:07,1.0
38732,M,6072,15,1753243647157,33.74259,-90.7197,,Entergy,2025-07-23,4:08,0.0
38737,M,1266,24,1753243647157,33.81211,-90.5291,,Entergy,2025-07-23,4:08,0.02
38751,M,3669,6,1753243647157,33.44858,-90.65153,,Entergy,2025-07-23,4:08,0.0
38762,M,918,10,1753243647157,33.88015,-90.72762,,Entergy,2025-07-23,4:08,0.01
38963,M,657,1,1753243647157,34.01139,-90.43276,,Entergy,2025-07-23,4:08,0.0
39153,M,647,450,1753243647157,32.03401,-89.50728,,Entergy,2025-07-23,4:08,0.7
39154,M,4349,41,1753243647157,32.23029,-90.41145,,Entergy,2025-07-23,4:08,0.01
39157,M,14900,3,1753243647157,32.41771,-90.13496,,Entergy,2025-07-23,4:08,0.0
39180,M,15650,29,1753243647157,32.29153,-90.85439,,Entergy,2025-07-23,4:08,0.0
39183,M,5881,1,1753243647157,32.3882,-90.81591,,Entergy,2025-07-23,4:08,0.0
39191,M,1465,26,1753243647157,31.71464,-90.41356,,Entergy,2025-07-23,4:08,0.02
39202,M,4693,2,1753243647157,32.31316,-90.17569,,Entergy,2025-07-23,4:08,0.0
39211,M,13290,13,1753243647157,32.378,-90.13089,,Entergy,2025-07-23,4:08,0.0
39645,M,1169,1,1753243647157,31.16462,-90.80817,,Entergy,2025-07-23,4:08,0.0
OTHER,M,3,3,1753243647157,,,,Entergy,2025-07-23,4:08,1.0
38732,M,6072,15,1753246407700,33.74259,-90.7197,,Entergy,2025-07-23,4:54,0.0
38737,M,1266,24,1753246407700,33.81211,-90.5291,,Entergy,2025-07-23,4:54,0.02
38762,M,918,10,1753246407700,33.88015,-90.72762,,Entergy,2025-07-23,4:54,0.01
38963,M,657,1,1753246407700,34.01139,-90.43276,,Entergy,2025-07-23,4:54,0.0
39153,M,647,450,1753246407700,32.03401,-89.50728,,Entergy,2025-07-23,4:54,0.7
39154,M,4349,41,1753246407700,32.23029,-90.41145,,Entergy,2025-07-23,4:54,0.01
39157,M,14900,3,1753246407700,32.41771,-90.13496,,Entergy,2025-07-23,4:54,0.0
39180,M,15650,28,1753246407700,32.29153,-90.85439,,Entergy,2025-07-23,4:54,0.0
39183,M,5881,1,1753246407700,32.3882,-90.81591,,Entergy,2025-07-23,4:54,0.0
39191,M,1465,26,1753246407700,31.71464,-90.41356,,Entergy,2025-07-23,4:54,0.02
39202,M,4693,133,1753246407700,32.31316,-90.17569,,Entergy,2025-07-23,4:54,0.03
39211,M,13290,13,1753246407700,32.378,-90.13089,,Entergy,2025-07-23,4:54,0.0
39212,M,11950,13,1753246407700,32.24771,-90.25779,,Entergy,2025-07-23,4:54,0.0
39272,M,6124,36,1753246407700,32.19375,-90.26983,,Entergy,2025-07-23,4:54,0.01
39645,M,1169,1,1753246407700,31.16462,-90.80817,,Entergy,2025-07-23,4:54,0.0
OTHER,M,3,3,1753246407700,,,,Entergy,2025-07-23,4:54,1.0
38732,M,6072,15,1753248687394,33.74259,-90.7197,,Entergy,2025-07-23,5:32,0.0
38737,M,1266,24,1753248687394,33.81211,-90.5291,,Entergy,2025-07-23,5:32,0.02
38762,M,918,10,1753248687394,33.88015,-90.72762,,Entergy,2025-07-23,5:32,0.01
38963,M,657,1,1753248687394,34.01139,-90.43276,,Entergy,2025-07-23,5:32,0.0
39153,M,647,450,1753248687394,32.03401,-89.50728,,Entergy,2025-07-23,5:32,0.7
39154,M,4349,41,1753248687394,32.23029,-90.41145,,Entergy,2025-07-23,5:32,0.01
39180,M,15650,28,1753248687394,32.29153,-90.85439,,Entergy,2025-07-23,5:32,0.0
39183,M,5881,1,1753248687394,32.3882,-90.81591,,Entergy,2025-07-23,5:32,0.0
39191,M,1465,26,1753248687394,31.71464,-90.41356,,Entergy,2025-07-23,5:32,0.02
39202,M,4693,133,1753248687394,32.31316,-90.17569,,Entergy,2025-07-23,5:32,0.03
39211,M,13290,10,1753248687394,32.378,-90.13089,,Entergy,2025-07-23,5:32,0.0
39212,M,11950,20,1753248687394,32.24771,-90.25779,,Entergy,2025-07-23,5:32,0.0
39213,M,9024,18,1753248687394,32.36139,-90.22258,,Entergy,2025-07-23,5:32,0.0
39272,M,6124,36,1753248687394,32.19375,-90.26983,,Entergy,2025-07-23,5:32,0.01
39645,M,1169,1,1753248687394,31.16462,-90.80817,,Entergy,2025-07-23,5:32,0.0
OTHER,M,3,3,1753248687394,,,,Entergy,2025-07-23,5:32,1.0
38732,M,6072,39,1753250127234,33.74259,-90.7197,,Entergy,2025-07-23,5:55,0.01
38737,M,1266,24,1753250127234,33.81211,-90.5291,,Entergy,2025-07-23,5:55,0.02
38963,M,657,1,1753250127234,34.01139,-90.43276,,Entergy,2025-07-23,5:55,0.0
39153,M,647,450,1753250127234,32.03401,-89.50728,,Entergy,2025-07-23,5:55,0.7
39154,M,4349,55,1753250127234,32.23029,-90.41145,,Entergy,2025-07-23,5:55,0.01
39180,M,15650,28,1753250127234,32.29153,-90.85439,,Entergy,2025-07-23,5:55,0.0
39183,M,5881,1,1753250127234,32.3882,-90.81591,,Entergy,2025-07-23,5:55,0.0
39202,M,4693,133,1753250127234,32.31316,-90.17569,,Entergy,2025-07-23,5:55,0.03
39211,M,13290,10,1753250127234,32.378,-90.13089,,Entergy,2025-07-23,5:55,0.0
39212,M,11950,20,1753250127234,32.24771,-90.25779,,Entergy,2025-07-23,5:55,0.0
39213,M,9024,18,1753250127234,32.36139,-90.22258,,Entergy,2025-07-23,5:55,0.0
39272,M,6124,36,1753250127234,32.19375,-90.26983,,Entergy,2025-07-23,5:55,0.01
39645,M,1169,1,1753250127234,31.16462,-90.80817,,Entergy,2025-07-23,5:55,0.0
OTHER,M,3,3,1753250127234,,,,Entergy,2025-07-23,5:55,1.0
38732,M,6072,14,1753252647537,33.74259,-90.7197,,Entergy,2025-07-23,6:38,0.0
38737,M,1266,24,1753252647537,33.81211,-90.5291,,Entergy,2025-07-23,6:38,0.02
38963,M,657,1,1753252647537,34.01139,-90.43276,,Entergy,2025-07-23,6:38,0.0
39153,M,647,450,1753252647537,32.03401,-89.50728,,Entergy,2025-07-23,6:38,0.7
39154,M,4349,55,1753252647537,32.23029,-90.41145,,Entergy,2025-07-23,6:38,0.01
39180,M,15650,3,1753252647537,32.29153,-90.85439,,Entergy,2025-07-23,6:38,0.0
39211,M,13290,10,1753252647537,32.378,-90.13089,,Entergy,2025-07-23,6:38,0.0
39212,M,11950,20,1753252647537,32.24771,-90.25779,,Entergy,2025-07-23,6:38,0.0
39213,M,9024,18,1753252647537,32.36139,-90.22258,,Entergy,2025-07-23,6:38,0.0
39272,M,6124,36,1753252647537,32.19375,-90.26983,,Entergy,2025-07-23,6:38,0.01
39645,M,1169,1,1753252647537,31.16462,-90.80817,,Entergy,2025-07-23,6:38,0.0
OTHER,M,3,3,1753252647537,,,,Entergy,2025-07-23,6:38,1.0
38732,M,6072,39,1753253967128,33.74259,-90.7197,,Entergy,2025-07-23,7:00,0.01
38737,M,1266,24,1753253967128,33.81211,-90.5291,,Entergy,2025-07-23,7:00,0.02
38963,M,657,1,1753253967128,34.01139,-90.43276,,Entergy,2025-07-23,7:00,0.0
39153,M,647,450,1753253967128,32.03401,-89.50728,,Entergy,2025-07-23,7:00,0.7
39154,M,4349,47,1753253967128,32.23029,-90.41145,,Entergy,2025-07-23,7:00,0.01
39180,M,15650,3,1753253967128,32.29153,-90.85439,,Entergy,2025-07-23,7:00,0.0
39211,M,13290,10,1753253967128,32.378,-90.13089,,Entergy,2025-07-23,7:00,0.0
39212,M,11950,20,1753253967128,32.24771,-90.25779,,Entergy,2025-07-23,7:00,0.0
39213,M,9024,18,1753253967128,32.36139,-90.22258,,Entergy,2025-07-23,7:00,0.0
39272,M,6124,36,1753253967128,32.19375,-90.26983,,Entergy,2025-07-23,7:00,0.01
39645,M,1169,1,1753253967128,31.16462,-90.80817,,Entergy,2025-07-23,7:00,0.0
OTHER,M,3,3,1753253967128,,,,Entergy,2025-07-23,7:00,1.0
38737,M,1266,24,1753256007233,33.81211,-90.5291,,Entergy,2025-07-23,7:34,0.02
38963,M,657,1,1753256007233,34.01139,-90.43276,,Entergy,2025-07-23,7:34,0.0
39088,M,137,1,1753256007233,32.82148,-90.70788,,Entergy,2025-07-23,7:34,0.01
39153,M,647,450,1753256007233,32.03401,-89.50728,,Entergy,2025-07-23,7:34,0.7
39154,M,4349,14,1753256007233,32.23029,-90.41145,,Entergy,2025-07-23,7:34,0.0
39180,M,15650,3,1753256007233,32.29153,-90.85439,,Entergy,2025-07-23,7:34,0.0
39211,M,13290,10,1753256007233,32.378,-90.13089,,Entergy,2025-07-23,7:34,0.0
39212,M,11950,20,1753256007233,32.24771,-90.25779,,Entergy,2025-07-23,7:34,0.0
39272,M,6124,36,1753256007233,32.19375,-90.26983,,Entergy,2025-07-23,7:34,0.01
39645,M,1169,1,1753256007233,31.16462,-90.80817,,Entergy,2025-07-23,7:34,0.0
OTHER,M,3,3,1753256007233,,,,Entergy,2025-07-23,7:34,1.0
38737,M,1266,24,1753257087489,33.81211,-90.5291,,Entergy,2025-07-23,7:52,0.02
38963,M,657,1,1753257087489,34.01139,-90.43276,,Entergy,2025-07-23,7:52,0.0
39088,M,137,1,1753257087489,32.82148,-90.70788,,Entergy,2025-07-23,7:52,0.01
39153,M,647,450,1753257087489,32.03401,-89.50728,,Entergy,2025-07-23,7:52,0.7
39154,M,4349,14,1753257087489,32.23029,-90.41145,,Entergy,2025-07-23,7:52,0.0
39180,M,15650,3,1753257087489,32.29153,-90.85439,,Entergy,2025-07-23,7:52,0.0
39211,M,13290,10,1753257087489,32.378,-90.13089,,Entergy,2025-07-23,7:52,0.0
39212,M,11950,20,1753257087489,32.24771,-90.25779,,Entergy,2025-07-23,7:52,0.0
39272,M,6124,36,1753257087489,32.19375,-90.26983,,Entergy,2025-07-23,7:52,0.01
39645,M,1169,1,1753257087489,31.16462,-90.80817,,Entergy,2025-07-23,7:52,0.0
OTHER,M,3,3,1753257087489,,,,Entergy,2025-07-23,7:52,1.0
38737,M,1266,24,1753259607443,33.81211,-90.5291,,Entergy,2025-07-23,8:35,0.02
38963,M,657,1,1753259607443,34.01139,-90.43276,,Entergy,2025-07-23,8:35,0.0
39088,M,137,1,1753259607443,32.82148,-90.70788,,Entergy,2025-07-23,8:35,0.01
39153,M,647,450,1753259607443,32.03401,-89.50728,,Entergy,2025-07-23,8:35,0.7
39154,M,4349,14,1753259607443,32.23029,-90.41145,,Entergy,2025-07-23,8:35,0.0
39180,M,15650,3,1753259607443,32.29153,-90.85439,,Entergy,2025-07-23,8:35,0.0
39211,M,13290,11,1753259607443,32.378,-90.13089,,Entergy,2025-07-23,8:35,0.0
39212,M,11950,20,1753259607443,32.24771,-90.25779,,Entergy,2025-07-23,8:35,0.0
39272,M,6124,36,1753259607443,32.19375,-90.26983,,Entergy,2025-07-23,8:35,0.01
39645,M,1169,1,1753259607443,31.16462,-90.80817,,Entergy,2025-07-23,8:35,0.0
OTHER,M,3,3,1753259607443,,,,Entergy,2025-07-23,8:35,1.0
38737,M,1266,24,1753261047680,33.81211,-90.5291,,Entergy,2025-07-23,8:59,0.02
38963,M,657,1,1753261047680,34.01139,-90.43276,,Entergy,2025-07-23,8:59,0.0
39088,M,137,1,1753261047680,32.82148,-90.70788,,Entergy,2025-07-23,8:59,0.01
39116,M,450,17,1753261047680,31.86777,-89.56243,,Entergy,2025-07-23,8:59,0.04
39153,M,647,637,1753261047680,32.03401,-89.50728,,Entergy,2025-07-23,8:59,0.98
39180,M,15650,3,1753261047680,32.29153,-90.85439,,Entergy,2025-07-23,8:59,0.0
39211,M,13290,11,1753261047680,32.378,-90.13089,,Entergy,2025-07-23,8:59,0.0
39212,M,11950,20,1753261047680,32.24771,-90.25779,,Entergy,2025-07-23,8:59,0.0
39272,M,6124,36,1753261047680,32.19375,-90.26983,,Entergy,2025-07-23,8:59,0.01
39645,M,1169,1,1753261047680,31.16462,-90.80817,,Entergy,2025-07-23,8:59,0.0
OTHER,M,5,5,1753261047680,,,,Entergy,2025-07-23,8:59,1.0
38737,M,1266,24,1753263267624,33.81211,-90.5291,,Entergy,2025-07-23,9:36,0.02
38963,M,657,1,1753263267624,34.01139,-90.43276,,Entergy,2025-07-23,9:36,0.0
39180,M,15650,3,1753263267624,32.29153,-90.85439,,Entergy,2025-07-23,9:36,0.0
39211,M,13290,11,1753263267624,32.378,-90.13089,,Entergy,2025-07-23,9:36,0.0
39212,M,11950,20,1753263267624,32.24771,-90.25779,,Entergy,2025-07-23,9:36,0.0
39272,M,6124,36,1753263267624,32.19375,-90.26983,,Entergy,2025-07-23,9:36,0.01
39645,M,1169,1,1753263267624,31.16462,-90.80817,,Entergy,2025-07-23,9:36,0.0
38737,M,1266,24,1753264467697,33.81211,-90.5291,,Entergy,2025-07-23,9:55,0.02
38963,M,657,1,1753264467697,34.01139,-90.43276,,Entergy,2025-07-23,9:55,0.0
39180,M,15650,3,1753264467697,32.29153,-90.85439,,Entergy,2025-07-23,9:55,0.0
39211,M,13290,1,1753264467697,32.378,-90.13089,,Entergy,2025-07-23,9:55,0.0
39212,M,11950,20,1753264467697,32.24771,-90.25779,,Entergy,2025-07-23,9:55,0.0
39272,M,6124,36,1753264467697,32.19375,-90.26983,,Entergy,2025-07-23,9:55,0.01
39645,M,1169,1,1753264467697,31.16462,-90.80817,,Entergy,2025-07-23,9:55,0.0
38680,M,3289,1,1753266507348,34.95546,-90.12808,,Entergy,2025-07-23,10:28,0.0
38737,M,1266,24,1753266507348,33.81211,-90.5291,,Entergy,2025-07-23,10:28,0.02
38963,M,657,1,1753266507348,34.01139,-90.43276,,Entergy,2025-07-23,10:28,0.0
39042,M,11636,5,1753266507348,32.25413,-89.96423,,Entergy,2025-07-23,10:28,0.0
39180,M,15650,3,1753266507348,32.29153,-90.85439,,Entergy,2025-07-23,10:28,0.0
39211,M,13290,1,1753266507348,32.378,-90.13089,,Entergy,2025-07-23,10:28,0.0
39212,M,11950,20,1753266507348,32.24771,-90.25779,,Entergy,2025-07-23,10:28,0.0
39272,M,6124,36,1753266507348,32.19375,-90.26983,,Entergy,2025-07-23,10:28,0.01
39645,M,1169,1,1753266507348,31.16462,-90.80817,,Entergy,2025-07-23,10:28,0.0
38737,M,1266,24,1753267827685,33.81211,-90.5291,,Entergy,2025-07-23,10:52,0.02
38963,M,657,1,1753267827685,34.01139,-90.43276,,Entergy,2025-07-23,10:52,0.0
39042,M,11636,5,1753267827685,32.25413,-89.96423,,Entergy,2025-07-23,10:52,0.0
39180,M,15650,3,1753267827685,32.29153,-90.85439,,Entergy,2025-07-23,10:52,0.0
39211,M,13290,1,1753267827685,32.378,-90.13089,,Entergy,2025-07-23,10:52,0.0
39212,M,11950,20,1753267827685,32.24771,-90.25779,,Entergy,2025-07-23,10:52,0.0
39272,M,6124,36,1753267827685,32.19375,-90.26983,,Entergy,2025-07-23,10:52,0.01
39645,M,1169,1,1753267827685,31.16462,-90.80817,,Entergy,2025-07-23,10:52,0.0
38737,M,1266,24,1753269747544,33.81211,-90.5291,,Entergy,2025-07-23,11:22,0.02
38963,M,657,1,1753269747544,34.01139,-90.43276,,Entergy,2025-07-23,11:22,0.0
39042,M,11636,5,1753269747544,32.25413,-89.96423,,Entergy,2025-07-23,11:22,0.0
39180,M,15650,3,1753269747544,32.29153,-90.85439,,Entergy,2025-07-23,11:22,0.0
39211,M,13290,1,1753269747544,32.378,-90.13089,,Entergy,2025-07-23,11:22,0.0
39212,M,11950,28,1753269747544,32.24771,-90.25779,,Entergy,2025-07-23,11:22,0.0
39272,M,6124,36,1753269747544,32.19375,-90.26983,,Entergy,2025-07-23,11:22,0.01
39645,M,1169,1,1753269747544,31.16462,-90.80817,,Entergy,2025-07-23,11:22,0.0
38737,M,1266,24,1753270947636,33.81211,-90.5291,,Entergy,2025-07-23,11:44,0.02
38963,M,657,1,1753270947636,34.01139,-90.43276,,Entergy,2025-07-23,11:44,0.0
39042,M,11636,5,1753270947636,32.25413,-89.96423,,Entergy,2025-07-23,11:44,0.0
39180,M,15650,3,1753270947636,32.29153,-90.85439,,Entergy,2025-07-23,11:44,0.0
39211,M,13290,1,1753270947636,32.378,-90.13089,,Entergy,2025-07-23,11:44,0.0
39212,M,11950,15,1753270947636,32.24771,-90.25779,,Entergy,2025-07-23,11:44,0.0
39645,M,1169,1,1753270947636,31.16462,-90.80817,,Entergy,2025-07-23,11:44,0.0
38963,M,657,1,1753271787094,34.01139,-90.43276,,Entergy,2025-07-23,11:57,0.0
39042,M,11636,5,1753271787094,32.25413,-89.96423,,Entergy,2025-07-23,11:57,0.0
39180,M,15650,3,1753271787094,32.29153,-90.85439,,Entergy,2025-07-23,11:57,0.0
39211,M,13290,1,1753271787094,32.378,-90.13089,,Entergy,2025-07-23,11:57,0.0
39212,M,11950,7,1753271787094,32.24771,-90.25779,,Entergy,2025-07-23,11:57,0.0
39645,M,1169,1,1753271787094,31.16462,-90.80817,,Entergy,2025-07-23,11:57,0.0
38614,M,1024,2,1753275627252,34.19284,-90.57933,,Entergy,2025-07-23,1:00,0.0
38617,M,376,3,1753275627252,34.36328,-90.48486,,Entergy,2025-07-23,1:00,0.01
38774,M,1027,6,1753275627252,33.95521,-90.76254,,Entergy,2025-07-23,1:00,0.01
38963,M,657,1,1753275627252,34.01139,-90.43276,,Entergy,2025-07-23,1:00,0.0
39042,M,11636,5,1753275627252,32.25413,-89.96423,,Entergy,2025-07-23,1:00,0.0
39073,M,5360,4,1753275627252,32.12856,-90.11806,,Entergy,2025-07-23,1:00,0.0
39145,M,1647,2,1753275627252,32.32186,-89.79919,,Entergy,2025-07-23,1:00,0.0
39174,M,56,13,1753275627252,32.40023,-90.15762,,Entergy,2025-07-23,1:00,0.23
39180,M,15650,3,1753275627252,32.29153,-90.85439,,Entergy,2025-07-23,1:00,0.0
39202,M,4693,4,1753275627252,32.31316,-90.17569,,Entergy,2025-07-23,1:00,0.0
39211,M,13290,1,1753275627252,32.378,-90.13089,,Entergy,2025-07-23,1:00,0.0
39212,M,11950,10,1753275627252,32.24771,-90.25779,,Entergy,2025-07-23,1:00,0.0
39213,M,9024,17,1753275627252,32.36139,-90.22258,,Entergy,2025-07-23,1:00,0.0
39645,M,1169,1,1753275627252,31.16462,-90.80817,,Entergy,2025-07-23,1:00,0.0
39648,M,7557,39,1753275627252,31.23154,-90.44124,,Entergy,2025-07-23,1:00,0.01
OTHER,M,1,1,1753275627252,,,,Entergy,2025-07-23,1:00,1.0
38614,M,1024,2,1753278387123,34.19284,-90.57933,,Entergy,2025-07-23,1:47,0.0
38671,M,21271,1,1753278387123,34.96785,-89.99781,,Entergy,2025-07-23,1:47,0.0
38751,M,3669,1,1753278387123,33.44858,-90.65153,,Entergy,2025-07-23,1:47,0.0
38756,M,960,1,1753278387123,33.40456,-90.89839,,Entergy,2025-07-23,1:47,0.0
38774,M,1027,6,1753278387123,33.95521,-90.76254,,Entergy,2025-07-23,1:47,0.01
38963,M,657,1,1753278387123,34.01139,-90.43276,,Entergy,2025-07-23,1:47,0.0
39059,M,4315,65,1753278387123,31.98759,-90.34964,,Entergy,2025-07-23,1:47,0.02
39073,M,5360,4,1753278387123,32.12856,-90.11806,,Entergy,2025-07-23,1:47,0.0
39120,M,11347,4,1753278387123,31.55832,-91.35712,,Entergy,2025-07-23,1:47,0.0
39145,M,1647,2,1753278387123,32.32186,-89.79919,,Entergy,2025-07-23,1:47,0.0
39157,M,14900,1,1753278387123,32.41771,-90.13496,,Entergy,2025-07-23,1:47,0.0
39174,M,56,13,1753278387123,32.40023,-90.15762,,Entergy,2025-07-23,1:47,0.23
39180,M,15650,2096,1753278387123,32.29153,-90.85439,,Entergy,2025-07-23,1:47,0.13
39183,M,5881,2253,1753278387123,32.3882,-90.81591,,Entergy,2025-07-23,1:47,0.38
39202,M,4693,4,1753278387123,32.31316,-90.17569,,Entergy,2025-07-23,1:47,0.0
39211,M,13290,2,1753278387123,32.378,-90.13089,,Entergy,2025-07-23,1:47,0.0
39212,M,11950,10,1753278387123,32.24771,-90.25779,,Entergy,2025-07-23,1:47,0.0
39213,M,9024,23,1753278387123,32.36139,-90.22258,,Entergy,2025-07-23,1:47,0.0
39645,M,1169,1,1753278387123,31.16462,-90.80817,,Entergy,2025-07-23,1:47,0.0
39648,M,7557,40,1753278387123,31.23154,-90.44124,,Entergy,2025-07-23,1:47,0.01
39653,M,1075,25,1753278387123,31.4675,-90.88453,,Entergy,2025-07-23,1:47,0.02
OTHER,M,7,7,1753278387123,,,,Entergy,2025-07-23,1:47,1.0
38614,M,1024,2,1753279827197,34.19284,-90.57933,,Entergy,2025-07-23,2:11,0.0
38751,M,3669,1,1753279827197,33.44858,-90.65153,,Entergy,2025-07-23,2:11,0.0
38756,M,960,1,1753279827197,33.40456,-90.89839,,Entergy,2025-07-23,2:11,0.0
38774,M,1027,6,1753279827197,33.95521,-90.76254,,Entergy,2025-07-23,2:11,0.01
38901,M,9313,1,1753279827197,33.7712,-89.80364,,Entergy,2025-07-23,2:11,0.0
38948,M,332,1,1753279827197,34.07663,-89.8946,,Entergy,2025-07-23,2:11,0.0
38963,M,657,1,1753279827197,34.01139,-90.43276,,Entergy,2025-07-23,2:11,0.0
39059,M,4315,65,1753279827197,31.98759,-90.34964,,Entergy,2025-07-23,2:11,0.02
39073,M,5360,4,1753279827197,32.12856,-90.11806,,Entergy,2025-07-23,2:11,0.0
39110,M,23157,3,1753279827197,32.48981,-90.12691,,Entergy,2025-07-23,2:11,0.0
39145,M,1647,2,1753279827197,32.32186,-89.79919,,Entergy,2025-07-23,2:11,0.0
39157,M,14900,10,1753279827197,32.41771,-90.13496,,Entergy,2025-07-23,2:11,0.0
39174,M,56,13,1753279827197,32.40023,-90.15762,,Entergy,2025-07-23,2:11,0.23
39180,M,15650,2096,1753279827197,32.29153,-90.85439,,Entergy,2025-07-23,2:11,0.13
39183,M,5881,2253,1753279827197,32.3882,-90.81591,,Entergy,2025-07-23,2:11,0.38
39202,M,4693,4,1753279827197,32.31316,-90.17569,,Entergy,2025-07-23,2:11,0.0
39211,M,13290,1,1753279827197,32.378,-90.13089,,Entergy,2025-07-23,2:11,0.0
39212,M,11950,10,1753279827197,32.24771,-90.25779,,Entergy,2025-07-23,2:11,0.0
39213,M,9024,24,1753279827197,32.36139,-90.22258,,Entergy,2025-07-23,2:11,0.0
39601,M,8045,1,1753279827197,31.57434,-90.46337,,Entergy,2025-07-23,2:11,0.0
39645,M,1169,1,1753279827197,31.16462,-90.80817,,Entergy,2025-07-23,2:11,0.0
39648,M,7557,39,1753279827197,31.23154,-90.44124,,Entergy,2025-07-23,2:11,0.01
39653,M,1075,15,1753279827197,31.4675,-90.88453,,Entergy,2025-07-23,2:11,0.01
OTHER,M,8,8,1753279827197,,,,Entergy,2025-07-23,2:11,1.0
